/*M!999999\- enable the sandbox mode */ 
-- MariaDB dump 10.19  Distrib 10.6.22-MariaDB, for Linux (x86_64)
--
-- Host: localhost    Database: cinolu
-- ------------------------------------------------------
-- Server version	10.6.22-MariaDB

/*!40101 SET @OLD_CHARACTER_SET_CLIENT=@@CHARACTER_SET_CLIENT */;
/*!40101 SET @OLD_CHARACTER_SET_RESULTS=@@CHARACTER_SET_RESULTS */;
/*!40101 SET @OLD_COLLATION_CONNECTION=@@COLLATION_CONNECTION */;
/*!40101 SET NAMES utf8mb4 */;
/*!40103 SET @OLD_TIME_ZONE=@@TIME_ZONE */;
/*!40103 SET TIME_ZONE='+00:00' */;
/*!40014 SET @OLD_FOREIGN_KEY_CHECKS=@@FOREIGN_KEY_CHECKS, FOREIGN_KEY_CHECKS=0 */;
/*!40101 SET @OLD_SQL_MODE=@@SQL_MODE, SQL_MODE='NO_AUTO_VALUE_ON_ZERO' */;
/*!40111 SET @OLD_SQL_NOTES=@@SQL_NOTES, SQL_NOTES=0 */;

--
-- Dumping data for table `article`
--

LOCK TABLES `article` WRITE;
/*!40000 ALTER TABLE `article` DISABLE KEYS */;
INSERT INTO `article` VALUES ('406e5a69-c3be-4d80-82e7-8cfd7b0b1c03','2025-10-08 11:46:41.648297','2025-10-10 09:29:02.000000',NULL,' Le parcours Inspirant de Madame YAYA NTEMA','le-parcours-inspirant-de-madame-yaya-ntema','d7324550-d01a-4c97-ab71-681125f27251.jpeg',1,'Bonjour chers lecteurs !\nAujourd\'hui, nous avons l\'immense privilège de vous emmener en \"Safari\" à travers le\nparcours entrepreneurial exceptionnel de Mme Yaya Ntema, fondatrice et CEO de Lugo\nFarm. Son histoire est un témoignage puissant de l\'entrepreneuriat au féminin, ancré dans la\ncommunauté et tourné vers un avenir durable, qui illustre parfaitement la résilience, la vision\net l\'engagement nécessaires pour bâtir une entreprise prospère et impactante.','<h1 class=\"ql-align-justify\"><strong style=\"color: rgb(255, 1, 136); background-color: transparent;\">Yaya&nbsp;Ntema,&nbsp;qui&nbsp;est-ce&nbsp;et&nbsp;quel&nbsp;est&nbsp;son&nbsp;secteur&nbsp;d&#39;activité&nbsp;?</strong></h1><p class=\"ql-align-justify\"></p><p class=\"ql-align-justify\"><span style=\"color: rgb(0, 0, 0); background-color: transparent;\">Mme&nbsp;Marie&nbsp;Claire&nbsp;Yaya&nbsp;Ntema&nbsp;est&nbsp;une&nbsp;entrepreneure&nbsp;dynamique&nbsp;basée&nbsp;en&nbsp;République&nbsp;Démocratique&nbsp;du&nbsp;Congo.&nbsp;Elle&nbsp;est&nbsp;la&nbsp;fondatrice&nbsp;et&nbsp;CEO&nbsp;de&nbsp;Lugo&nbsp;Farm&nbsp;&amp;&nbsp;Services,&nbsp;une&nbsp;entreprise&nbsp;innovante&nbsp;dans&nbsp;le&nbsp;secteur&nbsp;agro-pastoral.&nbsp;Lugo&nbsp;Farm&nbsp;s’articule&nbsp;autour&nbsp;de&nbsp;trois&nbsp;grandes&nbsp;composantes&nbsp;stratégiques&nbsp;:</span></p><p class=\"ql-align-justify\"><span style=\"color: rgb(0, 0, 0); background-color: transparent;\">1.&nbsp;L’exploitation&nbsp;agricole&nbsp;qui&nbsp;elle-même&nbsp;est&nbsp;déclinée&nbsp;en&nbsp;deux&nbsp;volets:&nbsp;La&nbsp;production&nbsp;agricole&nbsp;(maraîchage,&nbsp;cultures&nbsp;vivrières&nbsp;(maïs,&nbsp;sorgho,&nbsp;soja)&nbsp;et&nbsp;agroforesterie&nbsp;d’une&nbsp;part;&nbsp;&#39;élevage&nbsp;d’autre&nbsp;part&nbsp;avec&nbsp;le&nbsp;développement&nbsp;de&nbsp;filières&nbsp;porcine,&nbsp;caprine&nbsp;et&nbsp;avicole,&nbsp;avec&nbsp;une&nbsp;vision&nbsp;de&nbsp;spécialisation&nbsp;et&nbsp;de&nbsp;transformation;</span></p><p class=\"ql-align-justify\"><span style=\"color: rgb(0, 0, 0); background-color: transparent;\">2.&nbsp;L’industrialisation&nbsp;grâce&nbsp;aux&nbsp;diverses&nbsp;transformations&nbsp;initiées&nbsp;notamment&nbsp;les&nbsp;farines&nbsp;de&nbsp;soja,&nbsp;de&nbsp;sorgho,&nbsp;de&nbsp;pain,etc.</span></p><p class=\"ql-align-justify\"><span style=\"color: rgb(0, 0, 0); background-color: transparent;\">3.&nbsp;La&nbsp;formation&nbsp;et&nbsp;l’accompagnement&nbsp;avec&nbsp;le&nbsp;centre&nbsp;de&nbsp;développement&nbsp;en&nbsp;Agripreneuriat&nbsp;qui&nbsp;initie&nbsp;plusieurs&nbsp;actions&nbsp;de&nbsp;formation,&nbsp;de&nbsp;soutien&nbsp;aux&nbsp;vulnérables&nbsp;et&nbsp;d’accompagnement&nbsp;et&nbsp;incubation&nbsp;à&nbsp;l&#39;entrepreneuriat.&nbsp;Ainsi,&nbsp;Lugo&nbsp;Farm&nbsp;dépasse&nbsp;le&nbsp;modèle&nbsp;classique&nbsp;d’exploitation&nbsp;agricole&nbsp;en&nbsp;intégrant&nbsp;une&nbsp;dimension&nbsp;éducative&nbsp;et&nbsp;communautaire,&nbsp;véritable&nbsp;levier&nbsp;pour&nbsp;le&nbsp;développement&nbsp;local&nbsp;durable.</span></p><p class=\"ql-align-justify\"><strong style=\"color: rgb(0, 0, 0); background-color: transparent;\">Une&nbsp;vision&nbsp;ancrée&nbsp;dans&nbsp;le&nbsp;terroir&nbsp;:</strong><span style=\"color: rgb(0, 0, 0); background-color: transparent;\">&nbsp;L&#39;agro-pastoral&nbsp;comme&nbsp;réponse&nbsp;à&nbsp;la&nbsp;dépendance&nbsp;Le&nbsp;choix&nbsp;de&nbsp;l&#39;orientation&nbsp;agro-pastorale&nbsp;de&nbsp;son&nbsp;entreprise&nbsp;n&#39;est&nbsp;pas&nbsp;fortuit.&nbsp;Il&nbsp;découle&nbsp;d&#39;une&nbsp;analyse&nbsp;lucide&nbsp;de&nbsp;la&nbsp;situation&nbsp;économique&nbsp;de&nbsp;sa&nbsp;province,&nbsp;caractérisée&nbsp;par&nbsp;une&nbsp;forte&nbsp;dépendance&nbsp;aux&nbsp;importations&nbsp;de&nbsp;denrées&nbsp;alimentaires.&nbsp;Convaincue&nbsp;du&nbsp;potentiel&nbsp;de&nbsp;production&nbsp;locale&nbsp;pour&nbsp;apporter&nbsp;les&nbsp;produits&nbsp;de&nbsp;qualité,&nbsp;générer&nbsp;de&nbsp;revenus&nbsp;pour&nbsp;les&nbsp;agriculteurs&nbsp;locaux&nbsp;et&nbsp;renforcer&nbsp;la&nbsp;sécurité&nbsp;alimentaire,&nbsp;elle&nbsp;a&nbsp;résolument&nbsp;opté&nbsp;pour&nbsp;ce&nbsp;secteur.&nbsp;Sa&nbsp;démarche&nbsp;s&#39;inscrit&nbsp;dans&nbsp;une&nbsp;logique&nbsp;de&nbsp;souveraineté&nbsp;alimentaire,&nbsp;visant&nbsp;à&nbsp;réduire&nbsp;la&nbsp;vulnérabilité&nbsp;de&nbsp;sa&nbsp;communauté&nbsp;face&nbsp;aux&nbsp;fluctuations&nbsp;des&nbsp;marchés&nbsp;extérieurs.</span></p><p class=\"ql-align-justify\"></p><h2 class=\"ql-align-justify\"><strong style=\"color: rgb(255, 1, 136); background-color: transparent;\">Une&nbsp;inspiration?&nbsp;</strong></h2><h2 class=\"ql-align-justify\"><strong style=\"color: rgb(0, 0, 0); background-color: transparent;\">L&#39;influence&nbsp;d&#39;un&nbsp;mentor&nbsp;:&nbsp;André&nbsp;Bong’Ilanga,&nbsp;un&nbsp;exemple&nbsp;inspirant</strong></h2><p class=\"ql-align-justify\"></p><p class=\"ql-align-justify\"><span style=\"color: rgb(0, 0, 0); background-color: transparent;\">Dans&nbsp;son&nbsp;parcours&nbsp;entrepreneurial,&nbsp;l&#39;influence&nbsp;de&nbsp;son&nbsp;oncle,&nbsp;André&nbsp;Bong’Ilanga,&nbsp;a&nbsp;été&nbsp;déterminante.&nbsp;Propriétaire&nbsp;d&#39;une&nbsp;plantation&nbsp;de&nbsp;mangoustans,&nbsp;d’un&nbsp;caféier&nbsp;et&nbsp;bien&nbsp;d’autres&nbsp;produits,&nbsp;il&nbsp;a&nbsp;su&nbsp;démontrer,&nbsp;par&nbsp;l&#39;exemple,&nbsp;la&nbsp;viabilité&nbsp;de&nbsp;l&#39;entrepreneuriat&nbsp;comme&nbsp;mode&nbsp;de&nbsp;vie&nbsp;épanouissant,&nbsp;même&nbsp;pour&nbsp;les&nbsp;intellectuels.&nbsp;Cette&nbsp;rencontre&nbsp;a&nbsp;brisé&nbsp;des&nbsp;barrières&nbsp;mentales&nbsp;et&nbsp;a&nbsp;ouvert&nbsp;des&nbsp;perspectives&nbsp;inattendues,&nbsp;la&nbsp;confortant&nbsp;dans&nbsp;sa&nbsp;passion.</span></p><p class=\"ql-align-justify\"></p><h2 class=\"ql-align-justify\"><strong style=\"color: rgb(0, 0, 0); background-color: transparent;\">Préparer&nbsp;l&#39;avenir&nbsp;:&nbsp;L&#39;entrepreneuriat&nbsp;comme&nbsp;vision&nbsp;de&nbsp;la&nbsp;retraite</strong></h2><p class=\"ql-align-justify\"></p><p class=\"ql-align-justify\"><span style=\"color: rgb(0, 0, 0); background-color: transparent;\">L&#39;intégration&nbsp;dans&nbsp;l&#39;entrepreneuriat&nbsp;ne&nbsp;représentait&nbsp;pas&nbsp;seulement&nbsp;un&nbsp;projet&nbsp;immédiat,&nbsp;mais&nbsp;aussi&nbsp;une&nbsp;projection&nbsp;future.&nbsp;Elle&nbsp;envisageait&nbsp;cette&nbsp;activité&nbsp;comme&nbsp;une&nbsp;manière&nbsp;singulière&nbsp;de&nbsp;préparer&nbsp;sa&nbsp;retraite,&nbsp;se&nbsp;visualisant&nbsp;ultérieurement&nbsp;pleinement&nbsp;investie&nbsp;dans&nbsp;son&nbsp;exploitation&nbsp;agricole.&nbsp;Cette&nbsp;approche&nbsp;témoigne&nbsp;d&#39;une&nbsp;vision&nbsp;à&nbsp;long&nbsp;terme&nbsp;et&nbsp;d&#39;une&nbsp;volonté&nbsp;de&nbsp;bâtir&nbsp;un&nbsp;héritage&nbsp;durable.</span></p><p class=\"ql-align-justify\"></p><h2 class=\"ql-align-justify\"><strong style=\"color: rgb(0, 0, 0); background-color: transparent;\">L&#39;inspiration&nbsp;est&nbsp;universelle&nbsp;:&nbsp;Une&nbsp;source&nbsp;d&#39;émulation&nbsp;pour&nbsp;autrui</strong></h2><p class=\"ql-align-justify\"></p><p class=\"ql-align-justify\"><span style=\"color: rgb(0, 0, 0); background-color: transparent;\">Contrairement&nbsp;à&nbsp;l&#39;idée&nbsp;que&nbsp;l&#39;inspiration&nbsp;doit&nbsp;nécessairement&nbsp;émaner&nbsp;d&#39;un&nbsp;mentor&nbsp;familial,&nbsp;Mme&nbsp;Ntema&nbsp;estime&nbsp;que&nbsp;celle-ci&nbsp;est&nbsp;universelle&nbsp;et&nbsp;se&nbsp;trouve&nbsp;par&nbsp;l&#39;observation&nbsp;attentive&nbsp;de&nbsp;ceux&nbsp;qui&nbsp;nous&nbsp;motivent,&nbsp;quels&nbsp;que&nbsp;soient&nbsp;leurs&nbsp;horizons.&nbsp;Forte&nbsp;de&nbsp;cette&nbsp;conviction,&nbsp;elle&nbsp;est&nbsp;elle-même&nbsp;devenue&nbsp;une&nbsp;source&nbsp;d&#39;inspiration&nbsp;pour&nbsp;de&nbsp;nombreuses&nbsp;personnes.</span></p><p class=\"ql-align-justify\"></p><h2 class=\"ql-align-justify\"><strong style=\"color: rgb(255, 1, 136); background-color: transparent;\">L&#39;équilibre&nbsp;des&nbsp;vies&nbsp;</strong></h2><h2 class=\"ql-align-justify\"><strong style=\"color: rgb(0, 0, 0); background-color: transparent;\">Concilier&nbsp;rôles&nbsp;et&nbsp;responsabilités</strong></h2><p class=\"ql-align-justify\"></p><p class=\"ql-align-justify\"><span style=\"color: rgb(0, 0, 0); background-color: transparent;\">En&nbsp;tant&nbsp;que&nbsp;femme,&nbsp;mère&nbsp;et&nbsp;grand-mère,&nbsp;Mme&nbsp;Ntema&nbsp;incarne&nbsp;la&nbsp;capacité&nbsp;de&nbsp;concilier&nbsp;avec&nbsp;succès&nbsp;de&nbsp;multiples&nbsp;rôles&nbsp;et&nbsp;responsabilités.&nbsp;Son&nbsp;parcours&nbsp;illustre&nbsp;qu’il&nbsp;est&nbsp;possible&nbsp;de&nbsp;bâtir&nbsp;une&nbsp;carrière&nbsp;exigeante&nbsp;tout&nbsp;en&nbsp;restant&nbsp;profondément&nbsp;engagée&nbsp;dans&nbsp;sa&nbsp;famille.&nbsp;Grâce&nbsp;à&nbsp;une&nbsp;planification&nbsp;rigoureuse,&nbsp;une&nbsp;discipline&nbsp;constante&nbsp;et&nbsp;une&nbsp;gestion&nbsp;structurée&nbsp;de&nbsp;ses&nbsp;équipes,elle&nbsp;se&nbsp;fixe&nbsp;des&nbsp;objectifs&nbsp;clairs&nbsp;qu’elle&nbsp;atteint&nbsp;avec&nbsp;détermination,&nbsp;tout&nbsp;en&nbsp;gardant&nbsp;a&nbsp;l’esprit&nbsp;que&nbsp;l’entrepreneuriat&nbsp;n’est&nbsp;pas&nbsp;un&nbsp;fleuve&nbsp;calme.&nbsp;Son&nbsp;sens&nbsp;de&nbsp;la&nbsp;responsabilité&nbsp;parentale&nbsp;et&nbsp;sa&nbsp;recherche&nbsp;permanente&nbsp;d’équilibre&nbsp;de&nbsp;vie&nbsp;lui&nbsp;permettent&nbsp;de&nbsp;rester&nbsp;à&nbsp;la&nbsp;fois&nbsp;un&nbsp;pilier&nbsp;familial&nbsp;et&nbsp;une&nbsp;actrice&nbsp;influente&nbsp;dans&nbsp;le&nbsp;domaine&nbsp;humanitaire&nbsp;et&nbsp;entrepreneurial.</span></p><p class=\"ql-align-justify\"></p><h2 class=\"ql-align-justify\"><strong style=\"color: rgb(255, 1, 136); background-color: transparent;\">Domaine&nbsp;d&#39;intervention?</strong></h2><h2 class=\"ql-align-justify\"><strong style=\"color: rgb(0, 0, 0); background-color: transparent;\">Lugo&nbsp;Farm&nbsp;&amp;&nbsp;Services&nbsp;:&nbsp;Au-delà&nbsp;de&nbsp;l&#39;élevage,&nbsp;une&nbsp;approche&nbsp;holistique</strong></h2><p class=\"ql-align-justify\"></p><ul><li><strong style=\"color: rgb(0, 0, 0); background-color: transparent;\">&nbsp;Un&nbsp;modèle&nbsp;agricole&nbsp;durable&nbsp;et&nbsp;résilient&nbsp;:&nbsp;</strong><span style=\"color: rgb(0, 0, 0); background-color: transparent;\">Lugo&nbsp;Farm&nbsp;&amp;&nbsp;Services&nbsp;dépasse&nbsp;le&nbsp;cadre&nbsp;de&nbsp;l’élevage&nbsp;classique&nbsp;en&nbsp;intégrant&nbsp;l’agroforesterie,&nbsp;avec&nbsp;la&nbsp;plantation&nbsp;d’arbres&nbsp;fruitiers&nbsp;pour&nbsp;enrichir&nbsp;la&nbsp;biodiversité&nbsp;et&nbsp;régénérer&nbsp;les&nbsp;sols.&nbsp;Confrontée&nbsp;à&nbsp;des&nbsp;défis&nbsp;tels&nbsp;qu’un&nbsp;virus&nbsp;affectant&nbsp;ses&nbsp;papayers&nbsp;ou&nbsp;les&nbsp;feux&nbsp;de&nbsp;brousse&nbsp;qui&nbsp;menacent&nbsp;les&nbsp;plantations,&nbsp;la&nbsp;ferme&nbsp;transforme&nbsp;ces&nbsp;contraintes&nbsp;en&nbsp;opportunités&nbsp;pour&nbsp;renforcer&nbsp;ses&nbsp;pratiques,innover&nbsp;et&nbsp;consolider&nbsp;sa&nbsp;résilience.</span></li><li><strong style=\"color: rgb(0, 0, 0); background-color: transparent;\">&nbsp;La&nbsp;circularité&nbsp;au&nbsp;cœur&nbsp;des&nbsp;pratiques&nbsp;:&nbsp;</strong><span style=\"color: rgb(0, 0, 0); background-color: transparent;\">la&nbsp;ferme&nbsp;applique&nbsp;le&nbsp;principe&nbsp;des&nbsp;3R&nbsp;(réduire,&nbsp;réutiliser,&nbsp;recycler).&nbsp;Les&nbsp;déjections&nbsp;animales&nbsp;servent&nbsp;d’amendement&nbsp;organique,&nbsp;les&nbsp;résidus&nbsp;agricoles&nbsp;sont&nbsp;transformés&nbsp;en&nbsp;nourriture&nbsp;pour&nbsp;les&nbsp;bêtes,&nbsp;et&nbsp;les&nbsp;herbes&nbsp;sont&nbsp;utilisées&nbsp;à&nbsp;la&nbsp;fois&nbsp;comme&nbsp;fourrage&nbsp;et&nbsp;comme&nbsp;paillage.</span></li><li><strong style=\"color: rgb(0, 0, 0); background-color: transparent;\">&nbsp;Diversification&nbsp;et&nbsp;création&nbsp;de&nbsp;valeur&nbsp;:&nbsp;</strong><span style=\"color: rgb(0, 0, 0); background-color: transparent;\">au-delà&nbsp;de&nbsp;l’agriculture&nbsp;intégrée,&nbsp;Lugo&nbsp;Farm&nbsp;s’oriente&nbsp;vers&nbsp;l’industrialisation&nbsp;en&nbsp;développant&nbsp;des&nbsp;activités&nbsp;de&nbsp;transformation&nbsp;:&nbsp;boulangerie&nbsp;(fabrication&nbsp;de&nbsp;pains),&nbsp;boisson&nbsp;locale&nbsp;à&nbsp;base&nbsp;de&nbsp;maïs&nbsp;(Munkoyo),&nbsp;boucherie&nbsp;et&nbsp;charcuterie.</span></li></ul><p class=\"ql-align-justify\"></p><h2 class=\"ql-align-justify\"><strong style=\"color: rgb(255, 1, 136); background-color: transparent;\">Stratégie&nbsp;de&nbsp;communication?</strong></h2><h2 class=\"ql-align-justify\"><strong style=\"color: rgb(0, 0, 0); background-color: transparent;\">Un&nbsp;marketing&nbsp;authentique&nbsp;et&nbsp;percutant</strong></h2><p class=\"ql-align-justify\"></p><p class=\"ql-align-justify\"><span style=\"color: rgb(0, 0, 0); background-color: transparent;\">Pour&nbsp;assurer&nbsp;la&nbsp;promotion&nbsp;de&nbsp;Lugo&nbsp;Farm&nbsp;&amp;&nbsp;Services&nbsp;et&nbsp;de&nbsp;leur&nbsp;Centre&nbsp;de&nbsp;Développement&nbsp;en&nbsp;Agripreneuriat,&nbsp;l&#39;entreprise&nbsp;a&nbsp;opté&nbsp;pour&nbsp;une&nbsp;stratégie&nbsp;de&nbsp;marketing&nbsp;simple&nbsp;mais&nbsp;d&#39;une&nbsp;grande&nbsp;efficacité&nbsp;:&nbsp;Les&nbsp;réseaux&nbsp;sociaux&nbsp;et&nbsp;les&nbsp;reportages&nbsp;constituent&nbsp;leurs&nbsp;principaux&nbsp;outils&nbsp;de&nbsp;communication.</span></p><p class=\"ql-align-justify\"></p><h2 class=\"ql-align-justify\"><strong style=\"color: rgb(255, 1, 136); background-color: transparent;\">Source&nbsp;de&nbsp;financement&nbsp;?&nbsp;</strong></h2><h2 class=\"ql-align-justify\"><strong style=\"color: rgb(0, 0, 0); background-color: transparent;\">Le&nbsp;financement&nbsp;:&nbsp;L&#39;autofinancement&nbsp;comme&nbsp;moteur&nbsp;de&nbsp;croissance</strong></h2><p class=\"ql-align-justify\"></p><p class=\"ql-align-justify\"><span style=\"color: rgb(0, 0, 0); background-color: transparent;\">Mme&nbsp;Ntema&nbsp;insiste&nbsp;sur&nbsp;une&nbsp;vérité&nbsp;fondamentale&nbsp;de&nbsp;l&#39;entrepreneuriat&nbsp;:&nbsp;l&#39;importance&nbsp;de&nbsp;l&#39;autofinancement&nbsp;et&nbsp;le&nbsp;courage&nbsp;d’oser,&nbsp;de&nbsp;débuter&nbsp;tôt,&nbsp;même&nbsp;avec&nbsp;des&nbsp;ressources&nbsp;limitées.&nbsp;Commencer&nbsp;avec&nbsp;de&nbsp;faibles&nbsp;financements&nbsp;oblige&nbsp;à&nbsp;être&nbsp;créatif,&nbsp;discipliné&nbsp;et&nbsp;centré&nbsp;sur&nbsp;l’essentiel.&nbsp;Cela&nbsp;réduit&nbsp;les&nbsp;risques,&nbsp;renforce&nbsp;la&nbsp;résilience&nbsp;et&nbsp;prouve&nbsp;la&nbsp;viabilité&nbsp;du&nbsp;projet.&nbsp;C’est&nbsp;la&nbsp;meilleure&nbsp;base&nbsp;pour&nbsp;attirer&nbsp;ensuite&nbsp;de&nbsp;plus&nbsp;grands&nbsp;investisseurs.&nbsp;Ces&nbsp;derniers&nbsp;accourent,&nbsp;dès&nbsp;qu’ils&nbsp;constatent&nbsp;que&nbsp;votre&nbsp;modèle&nbsp;a&nbsp;réussi,&nbsp;même&nbsp;à&nbsp;petite&nbsp;échelle.</span></p><p class=\"ql-align-justify\"></p><h2 class=\"ql-align-justify\"><strong style=\"color: rgb(0, 0, 0); background-color: transparent;\">L&#39;entrepreneuriat&nbsp;:&nbsp;Une&nbsp;succession&nbsp;de&nbsp;défis&nbsp;relevés&nbsp;</strong></h2><p class=\"ql-align-justify\"></p><p class=\"ql-align-justify\"><span style=\"color: rgb(0, 0, 0); background-color: transparent;\">Comme&nbsp;tout&nbsp;parcours&nbsp;entrepreneurial,&nbsp;celui&nbsp;de&nbsp;Mme&nbsp;Ntema&nbsp;n’a&nbsp;pas&nbsp;été&nbsp;exempt&nbsp;de&nbsp;difficultés.&nbsp;Elle&nbsp;a&nbsp;dû&nbsp;surmonter&nbsp;des&nbsp;divergences&nbsp;de&nbsp;vision&nbsp;avec&nbsp;son&nbsp;conjoint,&nbsp;un&nbsp;manque&nbsp;initial&nbsp;de&nbsp;planification&nbsp;et&nbsp;l’absence&nbsp;de&nbsp;comptabilité&nbsp;régulière&nbsp;qui&nbsp;compliquait&nbsp;le&nbsp;suivi&nbsp;des&nbsp;résultats.&nbsp;À&nbsp;cela&nbsp;s’ajoutaient&nbsp;un&nbsp;fonds&nbsp;de&nbsp;roulement&nbsp;inexistant&nbsp;et&nbsp;des&nbsp;études&nbsp;de&nbsp;marché&nbsp;rarement&nbsp;actualisées,&nbsp;ce&nbsp;qui&nbsp;fragilisait&nbsp;la&nbsp;stratégie&nbsp;commerciale.&nbsp;Ces&nbsp;obstacles,&nbsp;loin&nbsp;de&nbsp;freiner&nbsp;son&nbsp;élan,&nbsp;ont&nbsp;servi&nbsp;de&nbsp;tremplin&nbsp;:&nbsp;dialogue&nbsp;renforcé&nbsp;et&nbsp;rôles&nbsp;mieux&nbsp;définis&nbsp;dans&nbsp;la&nbsp;gestion&nbsp;familiale,&nbsp;adoption&nbsp;progressive&nbsp;d’outils&nbsp;de&nbsp;planification&nbsp;et&nbsp;de&nbsp;suivi&nbsp;comptable,&nbsp;constitution&nbsp;d’une&nbsp;épargne&nbsp;de&nbsp;précaution&nbsp;et&nbsp;diversification&nbsp;des&nbsp;activités,&nbsp;sans&nbsp;oublier&nbsp;la&nbsp;mise&nbsp;en&nbsp;place&nbsp;d’enquêtes&nbsp;régulières&nbsp;pour&nbsp;rester&nbsp;proche&nbsp;des&nbsp;besoins&nbsp;du&nbsp;marché.&nbsp;C’est&nbsp;ainsi&nbsp;qu’elle&nbsp;a&nbsp;transformé&nbsp;ses&nbsp;faiblesses&nbsp;initiales&nbsp;en&nbsp;leviers&nbsp;de&nbsp;solidité&nbsp;et&nbsp;de&nbsp;croissance&nbsp;durable.</span></p><p class=\"ql-align-justify\"></p><h2 class=\"ql-align-justify\"><strong style=\"color: rgb(255, 1, 136); background-color: transparent;\">Objectif&nbsp;personnel&nbsp;poursuivi&nbsp;?</strong></h2><h2 class=\"ql-align-justify\"><strong style=\"color: rgb(0, 0, 0); background-color: transparent;\">Une&nbsp;fierté&nbsp;légitime&nbsp;:&nbsp;Devenir&nbsp;un&nbsp;modèle&nbsp;reconnu</strong></h2><p class=\"ql-align-justify\"></p><p class=\"ql-align-justify\"><span style=\"color: rgb(0, 0, 0); background-color: transparent;\">Son&nbsp;exploitation&nbsp;est&nbsp;aujourd’hui&nbsp;reconnue&nbsp;comme&nbsp;une&nbsp;référence&nbsp;en&nbsp;agropastoral&nbsp;et&nbsp;en&nbsp;entrepreneuriat&nbsp;agricole&nbsp;responsable.&nbsp;Chaque&nbsp;année,&nbsp;elle&nbsp;accueille&nbsp;une&nbsp;trentaine&nbsp;de&nbsp;jeunes&nbsp;stagiaires&nbsp;désireux&nbsp;d’acquérir&nbsp;des&nbsp;compétences&nbsp;pratiques.&nbsp;Plusieurs&nbsp;universités&nbsp;de&nbsp;Lubumbashi&nbsp;et&nbsp;du&nbsp;Lualaba,&nbsp;tout&nbsp;comme&nbsp;certains&nbsp;instituts&nbsp;secondaires&nbsp;techniques,&nbsp;lui&nbsp;réfèrent&nbsp;régulièrement&nbsp;leurs&nbsp;étudiants&nbsp;et&nbsp;élèves&nbsp;afin&nbsp;de&nbsp;compléter&nbsp;leur&nbsp;formation&nbsp;académique&nbsp;par&nbsp;une&nbsp;immersion&nbsp;concrète&nbsp;sur&nbsp;le&nbsp;terrain.&nbsp;En&nbsp;2024,&nbsp;cet&nbsp;engagement&nbsp;exceptionnel&nbsp;a&nbsp;été&nbsp;officiellement&nbsp;salué&nbsp;par&nbsp;les&nbsp;autorités&nbsp;nationales&nbsp;qui&nbsp;lui&nbsp;ont&nbsp;décerné&nbsp;la&nbsp;distinction&nbsp;honorifique&nbsp;de&nbsp;Dignitaire&nbsp;d’État,&nbsp;consacrant&nbsp;ainsi&nbsp;son&nbsp;rôle&nbsp;de&nbsp;pionnière&nbsp;et&nbsp;de&nbsp;modèle&nbsp;pour&nbsp;les&nbsp;générations&nbsp;futures.</span></p><p class=\"ql-align-justify\"></p><h2 class=\"ql-align-justify\"><strong style=\"color: rgb(255, 1, 136); background-color: transparent;\">La&nbsp;Mission&nbsp;?</strong></h2><h2 class=\"ql-align-justify\"><strong style=\"color: rgb(0, 0, 0); background-color: transparent;\">Une&nbsp;mission&nbsp;noble&nbsp;:&nbsp;L&#39;autosuffisance&nbsp;alimentaire</strong></h2><p class=\"ql-align-justify\"></p><p class=\"ql-align-justify\"><span style=\"color: rgb(0, 0, 0); background-color: transparent;\">Aux&nbsp;côtés&nbsp;d’autres&nbsp;acteurs&nbsp;de&nbsp;l’écosystème&nbsp;agricole,&nbsp;Lugo&nbsp;Farm&nbsp;poursuit&nbsp;un&nbsp;objectif&nbsp;ambitieux&nbsp;:&nbsp;contribuer&nbsp;à&nbsp;l’autosuffisance&nbsp;alimentaire&nbsp;de&nbsp;la&nbsp;région.&nbsp;L’entreprise&nbsp;s’engage&nbsp;à&nbsp;produire&nbsp;de&nbsp;manière&nbsp;saine&nbsp;et&nbsp;en&nbsp;quantité&nbsp;suffisante&nbsp;pour&nbsp;réduire&nbsp;la&nbsp;dépendance&nbsp;aux&nbsp;importations,&nbsp;tout&nbsp;en&nbsp;garantissant&nbsp;la&nbsp;qualité.&nbsp;Grâce&nbsp;à&nbsp;son&nbsp;orientation&nbsp;industrielle&nbsp;et&nbsp;innovante,&nbsp;Lugo&nbsp;Farm&nbsp;crée&nbsp;de&nbsp;la&nbsp;valeur&nbsp;ajoutée&nbsp;aux&nbsp;produits&nbsp;qu’elle&nbsp;transforme,&nbsp;en&nbsp;collaboration&nbsp;avec&nbsp;les&nbsp;jeunes&nbsp;et&nbsp;les&nbsp;femmes&nbsp;des&nbsp;communautés&nbsp;rurales,&nbsp;que&nbsp;ce&nbsp;soit&nbsp;par&nbsp;l’amélioration&nbsp;de&nbsp;la&nbsp;conservation&nbsp;ou&nbsp;par&nbsp;des&nbsp;procédés&nbsp;de&nbsp;transformation&nbsp;adaptés.&nbsp;Cette&nbsp;approche&nbsp;allie&nbsp;impact&nbsp;social,&nbsp;économique&nbsp;et&nbsp;développement&nbsp;durable,&nbsp;faisant&nbsp;de&nbsp;Lugo&nbsp;Farm&nbsp;un&nbsp;acteur&nbsp;clé&nbsp;de&nbsp;l’agriculture&nbsp;moderne&nbsp;en&nbsp;RDC.</span></p><p class=\"ql-align-justify\"></p><h2 class=\"ql-align-justify\"><strong style=\"color: rgb(255, 1, 136); background-color: transparent;\">Un&nbsp;conseil?&nbsp;</strong></h2><h2 class=\"ql-align-justify\"><strong style=\"color: rgb(0, 0, 0); background-color: transparent;\">Conseils&nbsp;de&nbsp;Mme&nbsp;Yaya&nbsp;Ntema&nbsp;aux&nbsp;jeunes&nbsp;entrepreneurs</strong></h2><p class=\"ql-align-justify\"></p><p class=\"ql-align-justify\"><span style=\"color: rgb(0, 0, 0); background-color: transparent;\">Dans&nbsp;l&#39;optique&nbsp;de&nbsp;la&nbsp;vision&nbsp;de&nbsp;Mme&nbsp;Yaya&nbsp;Ntema,&nbsp;son&nbsp;parcours&nbsp;est&nbsp;une&nbsp;mine&nbsp;d&#39;enseignements&nbsp;pour&nbsp;les&nbsp;jeunes&nbsp;entrepreneurs&nbsp;de&nbsp;l&#39;Afrique&nbsp;francophone.&nbsp;Voici&nbsp;ses&nbsp;conseils,tirés&nbsp;de&nbsp;son&nbsp;récit&nbsp;:</span></p><ul><li><span style=\"color: rgb(0, 0, 0); background-color: transparent;\">Le&nbsp;Faible&nbsp;commencement&nbsp;:&nbsp;N&#39;attendez&nbsp;pas&nbsp;d&#39;avoir&nbsp;des&nbsp;millions&nbsp;pour&nbsp;vous&nbsp;lancer&nbsp;Commencez&nbsp;avec&nbsp;les&nbsp;moyens&nbsp;dont&nbsp;on&nbsp;dispose&nbsp;mais&nbsp;rêvez&nbsp;grand.&nbsp;Commencez&nbsp;tôt&nbsp;pour&nbsp;acquérir&nbsp;de&nbsp;l&#39;expérience</span></li><li><span style=\"color: rgb(0, 0, 0); background-color: transparent;\">Une&nbsp;vision&nbsp;ancrée&nbsp;sur&nbsp;les&nbsp;besoins&nbsp;réels&nbsp;:&nbsp;Identifiez&nbsp;les&nbsp;problèmes&nbsp;concrets&nbsp;de&nbsp;votre&nbsp;communauté&nbsp;et&nbsp;proposez&nbsp;des&nbsp;solutions&nbsp;qui&nbsp;y&nbsp;répondent.</span></li><li><span style=\"color: rgb(0, 0, 0); background-color: transparent;\">L&#39;inspiration&nbsp;est&nbsp;partout,&nbsp;mais&nbsp;la&nbsp;persévérance&nbsp;est&nbsp;la&nbsp;clé&nbsp;:&nbsp;Cherchez&nbsp;des&nbsp;modèles,&nbsp;apprenez&nbsp;d&#39;eux,&nbsp;mais&nbsp;surtout,&nbsp;faites&nbsp;preuve&nbsp;de&nbsp;discipline&nbsp;et&nbsp;persévérance&nbsp;face&nbsp;aux&nbsp;défis.</span></li><li><span style=\"color: rgb(0, 0, 0); background-color: transparent;\">S&#39;entourer&nbsp;des&nbsp;bonnes&nbsp;personnes&nbsp;et&nbsp;se&nbsp;former&nbsp;en&nbsp;continu&nbsp;:&nbsp;Entourez-vous&nbsp;de&nbsp;personnes&nbsp;compétentes&nbsp;et&nbsp;pragmatiques,&nbsp;et&nbsp;n&#39;hésitez&nbsp;jamais&nbsp;à&nbsp;consolider&nbsp;vos&nbsp;connaissances.</span></li></ul>','2025-09-02 22:00:00','247a8044-a80e-42c9-8d3f-3568031a2d66');
/*!40000 ALTER TABLE `article` ENABLE KEYS */;
UNLOCK TABLES;

--
-- Dumping data for table `article_tags_tag`
--

LOCK TABLES `article_tags_tag` WRITE;
/*!40000 ALTER TABLE `article_tags_tag` DISABLE KEYS */;
INSERT INTO `article_tags_tag` VALUES ('406e5a69-c3be-4d80-82e7-8cfd7b0b1c03','0b2c1b2a-9500-45b0-a95e-8a598ad21b68'),('406e5a69-c3be-4d80-82e7-8cfd7b0b1c03','0d9edf33-528e-4182-a050-31b0f981b3e1'),('406e5a69-c3be-4d80-82e7-8cfd7b0b1c03','5ca950a9-37b9-4159-88b6-b16ba506a7f5'),('406e5a69-c3be-4d80-82e7-8cfd7b0b1c03','7bc8032c-cc72-40a8-9328-cebc360c9459'),('406e5a69-c3be-4d80-82e7-8cfd7b0b1c03','7c65f46f-706c-449a-83ae-7da55c6ef969'),('406e5a69-c3be-4d80-82e7-8cfd7b0b1c03','a3b071b3-e736-4b36-8ca7-e96abab5c6a9'),('406e5a69-c3be-4d80-82e7-8cfd7b0b1c03','a3f09b06-c6ae-4436-9a38-82ea4fda9714'),('406e5a69-c3be-4d80-82e7-8cfd7b0b1c03','a88978ae-a585-4509-b68c-7628039a4757'),('406e5a69-c3be-4d80-82e7-8cfd7b0b1c03','ac017308-0135-454c-a730-e6c77f8b8068'),('406e5a69-c3be-4d80-82e7-8cfd7b0b1c03','d10f9aa0-45a1-43a5-afd7-b20257c6166d'),('c785c14f-7831-4097-9394-8c242c6e0ca0','0d9edf33-528e-4182-a050-31b0f981b3e1'),('c785c14f-7831-4097-9394-8c242c6e0ca0','5ca950a9-37b9-4159-88b6-b16ba506a7f5'),('c785c14f-7831-4097-9394-8c242c6e0ca0','7bc8032c-cc72-40a8-9328-cebc360c9459'),('d363afe4-0f02-4e39-b57e-ff8325b2817b','0b2c1b2a-9500-45b0-a95e-8a598ad21b68'),('d363afe4-0f02-4e39-b57e-ff8325b2817b','0d9edf33-528e-4182-a050-31b0f981b3e1');
/*!40000 ALTER TABLE `article_tags_tag` ENABLE KEYS */;
UNLOCK TABLES;

--
-- Dumping data for table `comment`
--

LOCK TABLES `comment` WRITE;
/*!40000 ALTER TABLE `comment` DISABLE KEYS */;
/*!40000 ALTER TABLE `comment` ENABLE KEYS */;
UNLOCK TABLES;

--
-- Dumping data for table `event`
--

LOCK TABLES `event` WRITE;
/*!40000 ALTER TABLE `event` DISABLE KEYS */;
INSERT INTO `event` VALUES ('21414c42-af67-44c2-938e-372cd9831d21','2025-09-26 08:45:01.671481','2025-09-26 09:34:46.000000',NULL,'FIkiri Awards','fikiri-awards',0,'9665adc7-1756-4fe4-8e89-ef44a9aa1e6b.jpeg','Lubumbashi, RDC','<p><span style=\"color: rgb(0, 0, 0); background-color: transparent;\">Cérémonie&nbsp;d’annonce&nbsp;et&nbsp;de&nbsp;remise&nbsp;des&nbsp;8&nbsp;meilleures&nbsp;solutions&nbsp;locales&nbsp;innovantes&nbsp;sélectionnées&nbsp;parmi&nbsp;plus&nbsp;de&nbsp;450&nbsp;solutions&nbsp;éligibles&nbsp;de&nbsp;la&nbsp;cartographie&nbsp;dans&nbsp;les&nbsp;thématiques&nbsp;de&nbsp;développement&nbsp;formulées&nbsp;par&nbsp;le&nbsp;Laboratoire&nbsp;d’accélération&nbsp;du&nbsp;PNUD.&nbsp;Plus&nbsp;de&nbsp;$15000&nbsp;de&nbsp;prix&nbsp;partagé&nbsp;aux&nbsp;finalistes&nbsp;assorti&nbsp;de&nbsp;l’accompagnement&nbsp;du&nbsp;PNUD&nbsp;pour&nbsp;améliorer&nbsp;l’offre&nbsp;et&nbsp;préparer&nbsp;la&nbsp;mise&nbsp;à&nbsp;l&#39;échelle&nbsp;dans&nbsp;le&nbsp;réseau&nbsp;du&nbsp;PNUD.&nbsp;Programme&nbsp;conçu&nbsp;et&nbsp;mis&nbsp;en&nbsp;œuvre&nbsp;par&nbsp;CINOLU.&nbsp;8&nbsp;solutions&nbsp;gagnantes</span></p>','2025-09-02',0,'','2025-09-02','db7b47d7-eb06-4d1b-ac14-189fbd332a2b'),('27da7d48-f0a9-4bfc-a9c7-97a814a2398c','2025-09-04 15:07:09.832327','2025-09-05 06:46:45.000000',NULL,'Binti Innovation Week','binti-innovation-week',0,'cb300968-5b28-4c0e-8616-b0c321dc29d4.png','Lubumbashi','Thème : “IA & Innovation : Réinventer l’Avenir de l’Entrepreneuriat Féminin”\n\n','2025-04-29',1,'https://docs.google.com/forms/d/e/1FAIpQLScuOkiSzfWxI3QV4SOgBlnRRGE0GAy2kpHflykr5Rk449K_8Q/viewform?usp=header','2025-05-01','33cabcc0-ea42-4d46-99cd-401ef554bbd3'),('5c61fbd9-bb61-413f-b5c9-16255ca62230','2025-08-28 14:21:13.448760','2025-09-05 06:47:46.000000',NULL,'Lubumbashi Fashion Week','lubumbashi-fashion-week',0,'38572cd3-a29e-49c6-83d6-9f25696b07f1.jpeg','Lubumbashi/Pullman-Grand Karavia','La Fashion Week de Lubumbashi (LFW), créée en 2022, est un événement annuel visant à stimuler la créativité et à valoriser les talents locaux. L\'édition 2025 mettra en lumière l\'esthétique des années 80 et les créatrices féminines, avec des ateliers du 15 au 17 septembre et l\'événement principal le 20 septembre 2025. La LFW cherche à encourager l\'innovation et l\'émergence de nouveaux talents dans la mode à Lubumbashi, à offrir aux talents locaux une plateforme professionnelle et médiatique, à favoriser les échanges culturels et économiques entre acteurs nationaux et internationaux, et à contribuer au développement économique local en dynamisant les industries créatives et artisanales.','2025-09-15',1,'https://docs.google.com/forms/d/e/1FAIpQLScuOkiSzfWxI3QV4SOgBlnRRGE0GAy2kpHflykr5Rk449K_8Q/viewform?usp=header','2025-09-20','57c10b3f-8402-4883-a6ec-f21bd6c7131c'),('7c2ef85a-9fba-4294-9f69-07fcffb150ac','2025-08-29 07:20:10.022962','2025-09-05 06:48:16.000000',NULL,'Session d\'information','session-d\'information',0,'36620912-817f-48c7-bcbd-f316fddff80c.jpeg','Ukamili Digital City','Activite conjointe Marche d\'Elles et Lubumbashi Fashion Week: Debattre sur les conditions de participation aux ateliers du 15-17 Septembre; la reservation des stands et autres dispositions liees a l\'evenement du 20 Septembre','2025-08-30',1,'To join the video meeting, click this link: https://meet.google.com/thv-sqfo-uvx  To join by phone instead, dial (ZA) +27 10 823 1078 and enter this PIN: 760 625 430#  More phone numbers: https://https%3A//tel.meet/thv-sqfo-uvx?pin=3466013637768','2025-08-30','57c10b3f-8402-4883-a6ec-f21bd6c7131c'),('96824d9a-15e0-4998-a744-32cb095090d6','2025-09-04 14:09:34.849147','2025-10-08 14:53:08.000000',NULL,'Binti Share','binti-share',1,'b6644a08-9160-485d-b376-293142c3e873.webp','En ligne ','Le contexte socio-économique actuel met en évidence des défis majeurs (emploi, développement durable, inclusion du genre, etc.) auxquels l’entrepreneuriat estudiantin et la recherche universitaire peuvent apporter des solutions innovantes. Les universités jouent un rôle clé en tant que vivier de talents et de savoir-faire, mais peinent souvent à traduire le potentiel entrepreneurial de leurs étudiantes et étudiants en projets viables.\nCinolu, à travers son initiative Femmes 360, vise à :\n- Promouvoir une approche inclusive de l’innovation et de l’entrepreneuriat.\n- Catalyser l’entrepreneuriat universitaire féminin, conformément à l’ODD5 (égalité des sexes), l’ODD8 (emploi et croissance) et l’ODD9 (innovation).\nLe programme Binti Share s’inscrit dans cette démarche, en créant un espace de discussion et d’apprentissage pour surmonter les obstacles propres aux femmes entrepreneures du milieu universitaire.\n','2025-02-27',1,'https://docs.google.com/forms/d/e/1FAIpQLScuOkiSzfWxI3QV4SOgBlnRRGE0GAy2kpHflykr5Rk449K_8Q/viewform?usp=header','2025-03-14','4c10bb48-53f7-4839-9f97-0e540b72d633'),('974dc84a-a1bf-4b63-b73a-9d550d9f1992','2025-09-26 08:51:55.465320','2025-09-26 08:51:55.465320',NULL,'Fuze Speed Dating','fuze-speed-dating',0,NULL,'Lubumbashi, RDC','<h4>Digital&nbsp;Africa&nbsp;a&nbsp;organisé&nbsp;ce&nbsp;07&nbsp;juin&nbsp;2024&nbsp;une&nbsp;journée&nbsp;de&nbsp;speed&nbsp;dating&nbsp;pour&nbsp;vous&nbsp;présenter&nbsp;l&#39;opportunité&nbsp;de&nbsp;financement&nbsp;Fuzé,&nbsp;offrant&nbsp;entre&nbsp;<strong>20&nbsp;000&nbsp;et&nbsp;100&nbsp;000&nbsp;€</strong>&nbsp;pour&nbsp;propulser&nbsp;votre&nbsp;startup&nbsp;!&nbsp;Une&nbsp;journée&nbsp;Speed&nbsp;dating&nbsp;en&nbsp;format&nbsp;one-to-one&nbsp;avec&nbsp;l&#39;équipe&nbsp;jury&nbsp;de&nbsp;Digital&nbsp;Africa&nbsp;et&nbsp;Cinolu&nbsp;ont&nbsp;coorganisé&nbsp;cette&nbsp;journée&nbsp;de&nbsp;speed&nbsp;dating&nbsp;dans&nbsp;ses&nbsp;locaux&nbsp;à&nbsp;Ukamili&nbsp;Digital&nbsp;City&nbsp;sise&nbsp;sur&nbsp;l&#39;avenue&nbsp;Tshinyama&nbsp;croisement&nbsp;Lofoi&nbsp;le&nbsp;07&nbsp;juin&nbsp;2024,&nbsp;ainsi&nbsp;qu’un&nbsp;afterwork&nbsp;qui&nbsp;rassemblera&nbsp;les&nbsp;acteurs&nbsp;de&nbsp;l’écosystème&nbsp;entrepreneurial&nbsp;local&nbsp;lors&nbsp;du&nbsp;Demoday&nbsp;L-IMPACT&nbsp;au&nbsp;cercle&nbsp;Hippique&nbsp;de&nbsp;Lubumbashi&nbsp;le&nbsp;06&nbsp;Juin.</h4>','2024-06-06',0,'','2024-06-06','9f17b40d-8379-42df-838c-6bd6fd7d1237');
/*!40000 ALTER TABLE `event` ENABLE KEYS */;
UNLOCK TABLES;

--
-- Dumping data for table `event_categories_event_category`
--

LOCK TABLES `event_categories_event_category` WRITE;
/*!40000 ALTER TABLE `event_categories_event_category` DISABLE KEYS */;
INSERT INTO `event_categories_event_category` VALUES ('21414c42-af67-44c2-938e-372cd9831d21','1b856734-56b4-4843-bdd7-fe01f83514f4'),('27da7d48-f0a9-4bfc-a9c7-97a814a2398c','fb946c1c-96f4-48a4-8ef7-6f59335264d2'),('5c61fbd9-bb61-413f-b5c9-16255ca62230','5291eca8-5a6f-4628-bd6a-4160e521a6cb'),('7c2ef85a-9fba-4294-9f69-07fcffb150ac','5291eca8-5a6f-4628-bd6a-4160e521a6cb'),('96824d9a-15e0-4998-a744-32cb095090d6','5291eca8-5a6f-4628-bd6a-4160e521a6cb'),('974dc84a-a1bf-4b63-b73a-9d550d9f1992','5291eca8-5a6f-4628-bd6a-4160e521a6cb');
/*!40000 ALTER TABLE `event_categories_event_category` ENABLE KEYS */;
UNLOCK TABLES;

--
-- Dumping data for table `event_category`
--

LOCK TABLES `event_category` WRITE;
/*!40000 ALTER TABLE `event_category` DISABLE KEYS */;
INSERT INTO `event_category` VALUES ('1b856734-56b4-4843-bdd7-fe01f83514f4','2025-08-28 14:18:00.801749','2025-08-28 14:18:00.801749',NULL,'Accompagnement'),('33f8dca0-7c33-4858-91d7-fc605819fb96','2025-08-28 14:24:32.178950','2025-08-28 14:24:32.178950',NULL,'Succes story'),('5291eca8-5a6f-4628-bd6a-4160e521a6cb','2025-08-28 14:17:51.294287','2025-08-28 14:17:51.294287',NULL,'Acceleration'),('fb946c1c-96f4-48a4-8ef7-6f59335264d2','2025-09-04 14:56:45.659405','2025-09-04 14:56:45.659405',NULL,'Hackathon');
/*!40000 ALTER TABLE `event_category` ENABLE KEYS */;
UNLOCK TABLES;

--
-- Dumping data for table `gallery`
--

LOCK TABLES `gallery` WRITE;
/*!40000 ALTER TABLE `gallery` DISABLE KEYS */;
/*!40000 ALTER TABLE `gallery` ENABLE KEYS */;
UNLOCK TABLES;

--
-- Dumping data for table `indicator`
--

LOCK TABLES `indicator` WRITE;
/*!40000 ALTER TABLE `indicator` DISABLE KEYS */;
/*!40000 ALTER TABLE `indicator` ENABLE KEYS */;
UNLOCK TABLES;

--
-- Dumping data for table `metric`
--

LOCK TABLES `metric` WRITE;
/*!40000 ALTER TABLE `metric` DISABLE KEYS */;
/*!40000 ALTER TABLE `metric` ENABLE KEYS */;
UNLOCK TABLES;

--
-- Dumping data for table `migrations`
--

LOCK TABLES `migrations` WRITE;
/*!40000 ALTER TABLE `migrations` DISABLE KEYS */;
INSERT INTO `migrations` VALUES (1,1760086483124,'Init1760086483124');
/*!40000 ALTER TABLE `migrations` ENABLE KEYS */;
UNLOCK TABLES;

--
-- Dumping data for table `product`
--

LOCK TABLES `product` WRITE;
/*!40000 ALTER TABLE `product` DISABLE KEYS */;
/*!40000 ALTER TABLE `product` ENABLE KEYS */;
UNLOCK TABLES;

--
-- Dumping data for table `program`
--

LOCK TABLES `program` WRITE;
/*!40000 ALTER TABLE `program` DISABLE KEYS */;
INSERT INTO `program` VALUES ('14cdd3b9-5e9a-4b93-bd49-6b2a3e4970f3','2025-08-26 08:08:04.937409','2025-10-08 14:52:25.000000',NULL,' F360 – Femmes 360','f360-femmes-360',1,'47ad27a3-154c-4aa8-a086-a6178b5ba08b.png',' Femmes 360 vise  l\'autonomisation des femmes dans le domaine de l\'innovation, de la technologie et de l\'entrepreneuriat. \n  * L\'objectif est de créer un chemin vers l\'égalité.\n  * Le programme contribue à l\'ODD 5, l\'égalité des sexes en Afrique francophone.\n  * Femmes 360 forme des femmes et des filles, augmentant la représentation féminine dans toutes les instances professionnelles.',1,'9d2f3cec-44c8-4b0d-82e2-5937bef51963'),('30751e36-e40a-4294-a3b5-c69cda3ba7a6','2025-08-26 08:08:40.263443','2025-09-30 16:29:08.000000',NULL,'Ushindi','ushindi',0,NULL,'Pour les jeunes et les professionnels en quête d\'impact',1,'68eed158-ed9d-4a47-b922-fd9fb77f3570'),('52cb0be3-6860-43eb-9be3-24001ce59d7e','2025-08-26 08:09:35.059244','2025-09-19 14:56:12.000000',NULL,'Uvumbuzi','uvumbuzi',0,NULL,'Pour transformer la recherche scientifique en solution concrète',1,'ec14a084-a3e1-46bf-9dd7-c54eb7dd02ac'),('70a29482-5805-44b2-9f3e-d4c0f328f716','2025-08-26 08:10:36.572670','2025-09-19 14:54:57.000000',NULL,'Cinolu Fellowship','cinolu-fellowship',0,NULL,'Pour les volontaires, stagiaires et jeunes engagés',1,'947c0de6-6f2c-4327-a34f-70392dbe407d'),('853ba2c2-2e0c-4dfd-b2df-3e65cb5274cb','2025-08-26 08:11:13.411455','2025-09-19 14:55:56.000000',NULL,'Ushaidi','ushaidi',0,NULL,'Pour favoriser l’inclusion numérique et l’expression citoyenne',1,'c54635d5-9469-4663-a6ac-5cc2fcf2f48e');
/*!40000 ALTER TABLE `program` ENABLE KEYS */;
UNLOCK TABLES;

--
-- Dumping data for table `program_category`
--

LOCK TABLES `program_category` WRITE;
/*!40000 ALTER TABLE `program_category` DISABLE KEYS */;
INSERT INTO `program_category` VALUES ('68eed158-ed9d-4a47-b922-fd9fb77f3570','2025-09-19 14:54:15.117134','2025-09-19 14:54:15.117134',NULL,'Entreprenariat & Employabilité'),('947c0de6-6f2c-4327-a34f-70392dbe407d','2025-09-19 14:53:40.097797','2025-09-19 14:53:40.097797',NULL,'Stages & Communautés'),('9d2f3cec-44c8-4b0d-82e2-5937bef51963','2025-09-19 14:54:24.964310','2025-09-19 14:54:24.964310',NULL,'Genre & Inclusion'),('c54635d5-9469-4663-a6ac-5cc2fcf2f48e','2025-09-19 14:53:48.320814','2025-09-19 14:53:48.320814',NULL,'Jeunesse & Créativité	'),('ec14a084-a3e1-46bf-9dd7-c54eb7dd02ac','2025-09-19 14:53:58.160594','2025-09-19 14:53:58.160594',NULL,'Recherche & Innovation	');
/*!40000 ALTER TABLE `program_category` ENABLE KEYS */;
UNLOCK TABLES;

--
-- Dumping data for table `project`
--

LOCK TABLES `project` WRITE;
/*!40000 ALTER TABLE `project` DISABLE KEYS */;
INSERT INTO `project` VALUES ('00872d73-b9bf-495a-9a3f-38fa795e60bb','2025-09-26 08:08:00.077113','2025-09-26 08:08:00.077113',NULL,'DSkills Sprint Up',0,'dskills-sprint-up',NULL,'<h4>Dskills,&nbsp;le&nbsp;programme&nbsp;d’incubation&nbsp;des&nbsp;innovations&nbsp;numériques&nbsp;pour&nbsp;la&nbsp;résilience&nbsp;des&nbsp;entreprises&nbsp;dans&nbsp;la&nbsp;CAE&nbsp;(dSkills@EA)&nbsp;mis&nbsp;en&nbsp;œuvre&nbsp;par&nbsp;la</h4><h4>(GIZ)&nbsp;et&nbsp;(IUCEA)&nbsp;et&nbsp;implémenté&nbsp;par&nbsp;CINOLU&nbsp;en&nbsp;RDC,&nbsp;a&nbsp;formé&nbsp;et&nbsp;équipé&nbsp;les&nbsp;jeunes&nbsp;innovateurs&nbsp;et&nbsp;les&nbsp;entrepreneurs&nbsp;des&nbsp;universités&nbsp;et&nbsp;les&nbsp;récents&nbsp;diplômés&nbsp;pour&nbsp;établir&nbsp;des&nbsp;modèles&nbsp;économiques&nbsp;durables,&nbsp;accéder&nbsp;aux&nbsp;connaissances&nbsp;et&nbsp;aux&nbsp;outils&nbsp;nécessaires&nbsp;pour&nbsp;fonctionner&nbsp;une&nbsp;Startup&nbsp;et&nbsp;passer&nbsp;à&nbsp;la&nbsp;croissance&nbsp;et&nbsp;à&nbsp;l’investissement.&nbsp;</h4><p></p><h3><strong><em>Sponsors</em></strong>&nbsp;:&nbsp;Giz&nbsp;,&nbsp;IUCEA</h3>','2025-09-25','2025-09-25','',0,'2c52910f-51d6-42fb-ae12-0b087e377164'),('382c5e02-933c-4e2b-ad64-d1957c3748c2','2025-09-26 08:06:33.996275','2025-09-26 08:06:33.996275',NULL,'L’impact Cohorte 2',0,'l\'impact-cohorte-2',NULL,'<h4>L’impact&nbsp;est&nbsp;un&nbsp;programme&nbsp;d’incubation&nbsp;immersif,&nbsp;inclusif&nbsp;visant&nbsp;l’accélération&nbsp;d’un&nbsp;écosystème&nbsp;d’entrepreneuriat&nbsp;qui&nbsp;viendra&nbsp;soutenir&nbsp;le&nbsp;Lubumbashi&nbsp;de&nbsp;demain.&nbsp;Le&nbsp;programme&nbsp;a&nbsp;visé&nbsp;40&nbsp;entrepreneurs&nbsp;en&nbsp;préincubation&nbsp;et&nbsp;22&nbsp;en&nbsp;phase&nbsp;finale&nbsp;sur&nbsp;une&nbsp;période&nbsp;de&nbsp;6&nbsp;mois.&nbsp;Les&nbsp;secteurs&nbsp;vises&nbsp;incluent&nbsp;gestion&nbsp;des&nbsp;déchets,&nbsp;éducation,&nbsp;énergie,&nbsp;culture,&nbsp;construction&nbsp;durable,&nbsp;économie&nbsp;circulaire&nbsp;et&nbsp;le&nbsp;digitale&nbsp;considérée&nbsp;comme&nbsp;un&nbsp;levier&nbsp;potentiel.&nbsp;</h4><p></p><h3><strong><em>Sponsors</em></strong>&nbsp;:&nbsp;Fondation&nbsp;Roi&nbsp;Beaudoin,&nbsp;Fondation&nbsp;Rachelle&nbsp;Forrest</h3>','2025-09-25','2025-09-25','',0,'32cd4965-6e7f-4edc-b99b-5967d4be947e'),('41fc89ce-44d2-4c6d-8dcb-52cad1409ac7','2025-08-27 15:13:37.043269','2025-10-08 14:53:17.000000',NULL,'F360 Blog – Binti Safari',1,'f360-blog-binti-safari','93a901a4-3b63-4fa7-916e-3004093bdfa6.jpeg','Un espace d’expression et de diffusion qui met en avant des histoires inspirantes de femmes africaines francophones à travers un blog collaboratif. Le projet vise à publier régulièrement 24 articles par an, couvrant des thématiques variées (business, santé, politique, féminisme, VBG, agriculture, technologie…), à créer une communauté engagée et à offrir des opportunités de visibilité et de réseautage aux femmes.\n\nCibles :\n\nFemmes entrepreneures et leaders francophones\n\nJeunes femmes en quête de modèles inspirants\n\nPublic et partenaires intéressés par l’autonomisation des femmes\n\nRésultats attendus :\n\nReprésentation positive des femmes africaines francophones dans les médias\n\nCommunauté active et engagée\n\nNouvelles opportunités de collaboration et de partenariats\n\nRenforcement du positionnement de F360','2025-07-24','2025-12-30','https://docs.google.com/forms/d/1GzEY_kzobG8OEK90x8kcRquqGpRsWV4WKKjIZmjTz9E/edit',1,'68e31ba7-76ae-43ac-8547-d4d2364a679f'),('4733a1d0-5501-4f8b-a0e4-0f3ea9ada5e6','2025-09-26 08:39:41.188979','2025-10-14 15:25:43.000000',NULL,'L’impact 3 by SOPA+ ',0,'l\'impact-3-by-sopa+',NULL,'<h4>Programme&nbsp;d’incubation&nbsp;de&nbsp;6&nbsp;mois&nbsp;accompagnement&nbsp;65&nbsp;entrepreneurs&nbsp;en&nbsp;pre-</h4><h4>incubation&nbsp;et&nbsp;30&nbsp;en&nbsp;incubation&nbsp;mis&nbsp;en&nbsp;œuvre&nbsp;par&nbsp;Cinolu&nbsp;avec&nbsp;le&nbsp;Soutien&nbsp;de&nbsp;ENABEL&nbsp;et&nbsp;du&nbsp;Cadre&nbsp;SOPA+.&nbsp;65&nbsp;projets&nbsp;accompagnes&nbsp;en&nbsp;pré-incubation</h4>','2025-09-25','2025-09-25','',0,'32cd4965-6e7f-4edc-b99b-5967d4be947e'),('4936994e-2af9-458e-807d-00d1aeceed19','2025-08-27 15:02:32.062055','2025-08-27 15:24:31.000000',NULL,'Mozalisi L\'shi 2025',0,'mozalisi-l\'shi-2025','1f923914-3081-40eb-822d-bdaaab595454.png','Mozalisi L’shi est un parcours d’accompagnement dédié aux entrepreneurs des Industries Culturelles et Créatives (ICC) de Lubumbashi, mis en œuvre par Ukamili Digital City en partenariat avec Africalia, dans le cadre du Programme Pluriannuel (PPA 2022–2026), avec l’appui opérationnel du Centre d’Innovation de Lubumbashi (CINOLU).\n\nLe programme vise à structurer, renforcer et professionnaliser les initiatives culturelles locales à travers deux phases :\n\nPré-incubation (3 mois) : diagnostic des projets, élaboration de plans d’action individuels, ateliers de base en gestion d’entreprise et premières séances de coaching.\n\nIncubation (9 mois) : approfondissement des compétences entrepreneuriales, accompagnement personnalisé, mise en œuvre des plans d’action, mentorat, et accès à des opportunités de financement.\n\nAu total, 15 entrepreneurs ICC sont sélectionnés par cohorte, parmi lesquels 12 passent en incubation et 6 accèdent à une subvention pour développer et pérenniser leurs entreprises créatives.\n\nLes bénéficiaires participent à modules de formation animés par des experts locaux et internationaux (administration culturelle, marketing numérique, propriété intellectuelle, mobilisation de ressources, etc.), ainsi qu’à des séances de coaching individuel et collectif.\n\nObjectif : contribuer au développement durable du secteur créatif à Lubumbashi en stimulant l’innovation culturelle, l’autonomie entrepreneuriale et la création d’emplois.\n\nRôle de CINOLU : mobilisation des acteurs de l’écosystème local, accompagnement rapproché des entrepreneurs, suivi-évaluation des parcours et intégration des bénéficiaires dans les programmes et communautés d’innovation portés par le hub.','2024-12-13','2025-11-20','https://docs.google.com/forms/d/1GzEY_kzobG8OEK90x8kcRquqGpRsWV4WKKjIZmjTz9E/edit',1,'32cd4965-6e7f-4edc-b99b-5967d4be947e'),('4bfe95c7-7093-4d78-af45-92f140c225ef','2025-09-26 08:38:48.877136','2025-09-26 08:38:48.877136',NULL,'Mentorat Malifood ',0,'mentorat-malifood',NULL,'<h4>12&nbsp;mois&nbsp;de&nbsp;suivi&nbsp;post&nbsp;incubation&nbsp;incluant&nbsp;suivi&nbsp;et&nbsp;coaching&nbsp;one&nbsp;on&nbsp;one&nbsp;assorti&nbsp;d’une&nbsp;financement&nbsp;de&nbsp;$10000&nbsp;de&nbsp;la&nbsp;gagnante&nbsp;Revup&nbsp;Women&nbsp;par&nbsp;Afrilabs,&nbsp;finance&nbsp;par&nbsp;la&nbsp;Fondation&nbsp;Visa.&nbsp;Ce&nbsp;financement&nbsp;a&nbsp;permis&nbsp;a&nbsp;Malifood&nbsp;de&nbsp;lancer&nbsp;son&nbsp;unitie&nbsp;de&nbsp;production&nbsp;pour&nbsp;le&nbsp;lancement&nbsp;de&nbsp;Farine&nbsp;hautement&nbsp;nutritive.&nbsp;Malifood</h4>','2025-09-25','2025-09-25','',0,'1d127aba-8bef-4d62-8ca9-b5cae6c22bb6'),('ad325715-adf3-4293-9f88-626fba6d7622','2025-09-26 07:59:17.457431','2025-09-26 07:59:17.457431',NULL,'Dskills@ILP',0,'dskills@ilp',NULL,'<h4>Le&nbsp;programme&nbsp;de&nbsp;leadership&nbsp;en&nbsp;incubation&nbsp;et&nbsp;de&nbsp;gestion&nbsp;de&nbsp;l&#39;innovation&nbsp;a&nbsp;visé&nbsp;à&nbsp;doter&nbsp;les&nbsp;cadres&nbsp;universitaires&nbsp;avec&nbsp;des&nbsp;compétences&nbsp;et&nbsp;des&nbsp;connaissances&nbsp;nécessaires&nbsp;pour&nbsp;gérer&nbsp;les&nbsp;programmes&nbsp;d’innovation&nbsp;dans&nbsp;les&nbsp;environnements&nbsp;entrepreneuriaux.&nbsp;Le&nbsp;programme&nbsp;a&nbsp;été&nbsp;déployé&nbsp;sur&nbsp;9&nbsp;pays&nbsp;des&nbsp;Etats&nbsp;de&nbsp;l’Afrique&nbsp;de&nbsp;l’Est&nbsp;dont&nbsp;la&nbsp;RDC.&nbsp;</h4><p></p><h3><strong><em>Thèmes&nbsp;clés</em></strong>&nbsp;:&nbsp;Gestion&nbsp;de&nbsp;l’innovation,&nbsp;propriété&nbsp;intellectuelle,&nbsp;Levée&nbsp;de&nbsp;fonds,&nbsp;commercialisation.</h3><p></p><h3><strong><em>Sponsors</em></strong>&nbsp;:&nbsp;Giz,&nbsp;IUCEA</h3>','2025-09-25','2025-09-25','',0,'2c52910f-51d6-42fb-ae12-0b087e377164'),('c1870123-63df-4782-accb-01551ca6fbf4','2025-09-26 08:26:42.226973','2025-09-26 08:26:42.226973',NULL,'Seedstars EWEA',0,'seedstars-ewea',NULL,'<h4>Grâce&nbsp;à&nbsp;une&nbsp;collaboration&nbsp;avec&nbsp;l&#39;initiative&nbsp;AFAWA&nbsp;de&nbsp;la&nbsp;Banque&nbsp;africaine&nbsp;de</h4><h4>développement&nbsp;et&nbsp;GrowthAfrica,&nbsp;le&nbsp;programme&nbsp;EWEA&nbsp;est&nbsp;destiné&nbsp;à&nbsp;fournir&nbsp;un</h4><h4>renforcement&nbsp;des&nbsp;capacités&nbsp;à&nbsp;long&nbsp;terme&nbsp;et&nbsp;évolutif,&nbsp;un&nbsp;accès&nbsp;au&nbsp;mentorat,&nbsp;un&nbsp;accès&nbsp;au&nbsp;financement&nbsp;et&nbsp;un&nbsp;accès&nbsp;à&nbsp;la&nbsp;visibilité&nbsp;aux&nbsp;WSME&nbsp;et&nbsp;aux&nbsp;facilitateurs</h4><h4>communautaires&nbsp;au&nbsp;Cameroun,&nbsp;en&nbsp;RDC.CINOLU&nbsp;a&nbsp;bénéficié&nbsp;de&nbsp;la&nbsp;formation&nbsp;pour&nbsp;améliorer&nbsp;son&nbsp;accompagnement&nbsp;des&nbsp;PMEs&nbsp;dirigées&nbsp;par&nbsp;les&nbsp;femmes</h4>','2025-09-25','2025-09-25','',0,'41978dd4-2f41-4345-a434-f637f7e95160'),('c9a34377-e192-4b77-abb9-20680147cabf','2025-08-27 14:24:58.443565','2025-09-04 09:18:21.000000',NULL,'Ushindi Campus Sprint – UNILU  2025',0,'ushindi-campus-sprint-unilu-2025','77adc3ef-7520-418b-82a3-89528f6b006a.jpeg','L’Ushindi Campus Sprint – UNILU 2025 est une édition spéciale du programme porté par le Centre d’Innovation de Lubumbashi (CINOLU), en partenariat avec l’Université de Lubumbashi. Pendant 20 heures réparties sur 3 jours (3–5 septembre 2025), des étudiants issus de différentes facultés travailleront en équipes interdisciplinaires pour concevoir et prototyper des solutions concrètes autour de trois thématiques majeures : AgriTech & Environnement (sécurité alimentaire, reforestation, durabilité), MineTech (exploitation minière responsable, transparence, économie circulaire), et  Mobilité urbaine (transport durable, fluidité et accessibilité). Grâce à l’accompagnement des coachs UNILU, de mentors CINOLU et d’experts, les participants développeront des MVP testables et présenteront leurs projets lors d’un Demoday devant un jury. Les 4 meilleures équipes seront intégrées dans un parcours d’incubation de 3 à 6 mois afin de transformer leurs idées en startups viables et à impact.\n\n#InnovationEtudiante #StartupCampus #StudentEntrepreneurs #UniversityInnovation #20HeuresPourInnover #FromIdeaToImpact #StartupCulture #AfricaInnovation #AgriTech #MineTech #SmartMobility #GreenInnovation #Durabilité','2025-09-02','2025-09-04','https://docs.google.com/forms/d/1GzEY_kzobG8OEK90x8kcRquqGpRsWV4WKKjIZmjTz9E/edit',1,'3cf107d8-5b50-4f30-87f5-66e04f502332'),('e1e52f2f-36e2-4316-8eef-72a9c2c3fece','2025-08-28 13:46:45.104427','2025-08-28 14:25:55.000000',NULL,'Marche d\'Elles',0,'marche-d\'elles','6983680f-5b67-465d-8e1c-b1710e069ffe.png','Ce projet a pour but de renforcer l\'autonomisation économique et culturelle des femmes en créant un espace professionnel et structuré. Cet espace permettra l\'exposition, la vente, la diffusion et le réseautage de leurs produits et services culturels, via une plateforme dédiée à la vente et à la promotion, tout en sensibilisant le public à la production culturelle féminine locale. L\'objectif principal est d\'organiser des marchés culturels exclusivement pour les femmes des Industries Culturelles et Créatives (ICC), afin de consolider l\'écosystème entrepreneurial féminin local.','2025-07-10','2025-09-29','https://docs.google.com/forms/d/e/1FAIpQLScuOkiSzfWxI3QV4SOgBlnRRGE0GAy2kpHflykr5Rk449K_8Q/viewform?usp=header',1,'57c10b3f-8402-4883-a6ec-f21bd6c7131c'),('e761ca96-1d15-48e8-83a5-4397b61429cd','2025-08-27 14:54:29.208415','2025-08-27 14:55:52.000000',NULL,'L-IMPACT by SOPA+',0,'l-impact-by-sopa+','deaabb0d-b1b3-462f-a5d7-5cdd3ff1051a.jpeg','L-IMPACT by SOPA+ est une édition spécifique du programme L-IMPACT, mise en œuvre par CINOLU en partenariat avec Enabel et l’écosystème entrepreneurial local (FEC, CdR, ANADEC, ONEM, Ovation, etc.).\n\nQuelques éléments clés :\n\nDurée : 12 mois (2 mois de préparation, 6–9 mois d’incubation, 2 mois de suivi post-pitch)\n\nBénéficiaires : 30 projets incubés (après pré-sélection de 60) dont 50 % portés par des femmes\n\nMéthodologie : ateliers (Lean Canvas, Persona, Prototypage, Business Plan), coaching personnalisé, mentorat, pitch devant jury\n\nRésultats attendus :\n\n50 % des incubés atteignent le marché avec un produit/service ;\n\n40 % accèdent à un financement/subvention ;\n\nUn réseau actif de coachs et mentors mobilisé ;\n\nCapitalisation et diffusion des leçons apprises','2024-12-15','2025-08-14','https://cdrhk.wikiflow.io/fr',1,'32cd4965-6e7f-4edc-b99b-5967d4be947e'),('f4e01f5f-3a9d-4d41-ba48-7789cbbbc720','2025-09-26 08:15:59.287071','2025-09-26 08:15:59.287071',NULL,'Katalicc Cohorte 2',0,'katalicc-cohorte-2',NULL,'<p>Le&nbsp;programme&nbsp;d’accompagnement&nbsp;des&nbsp;entrepreneurs&nbsp;des&nbsp;industries&nbsp;culturelles&nbsp;et&nbsp;créatives&nbsp;mise&nbsp;en&nbsp;place&nbsp;par&nbsp;<strong><em>l’Institut&nbsp;Français&nbsp;de&nbsp;Lubumbashi</em></strong>&nbsp;avec&nbsp;l’appui&nbsp;des&nbsp;incubateurs&nbsp;créatifs&nbsp;et&nbsp;business&nbsp;dont&nbsp;<strong><em>Cinolu,&nbsp;Centre&nbsp;d’art&nbsp;Waza&nbsp;dans&nbsp;le&nbsp;cadre&nbsp;du&nbsp;Projet&nbsp;FAEC.</em></strong></p>','2025-09-25','2025-09-25','',0,'048ed3c3-e201-48ad-84a0-b84e7239a7ba');
/*!40000 ALTER TABLE `project` ENABLE KEYS */;
UNLOCK TABLES;

--
-- Dumping data for table `project_categories_project_category`
--

LOCK TABLES `project_categories_project_category` WRITE;
/*!40000 ALTER TABLE `project_categories_project_category` DISABLE KEYS */;
INSERT INTO `project_categories_project_category` VALUES ('00872d73-b9bf-495a-9a3f-38fa795e60bb','d266c3ec-1d74-44ad-9801-ee54d00a7a80'),('382c5e02-933c-4e2b-ad64-d1957c3748c2','d266c3ec-1d74-44ad-9801-ee54d00a7a80'),('41fc89ce-44d2-4c6d-8dcb-52cad1409ac7','b016540c-8403-4fc3-bfc2-777bd6bfde32'),('4733a1d0-5501-4f8b-a0e4-0f3ea9ada5e6','583f5b64-f4c4-4b75-9528-ec6bdae3b1b1'),('4936994e-2af9-458e-807d-00d1aeceed19','d266c3ec-1d74-44ad-9801-ee54d00a7a80'),('4bfe95c7-7093-4d78-af45-92f140c225ef','d266c3ec-1d74-44ad-9801-ee54d00a7a80'),('ad325715-adf3-4293-9f88-626fba6d7622','583f5b64-f4c4-4b75-9528-ec6bdae3b1b1'),('c1870123-63df-4782-accb-01551ca6fbf4','041d962f-3d71-40e0-a56d-557612a9b2e9'),('c9a34377-e192-4b77-abb9-20680147cabf','d759742d-31a4-4db3-9a87-4e799269fad2'),('e1e52f2f-36e2-4316-8eef-72a9c2c3fece','c7b2f2de-b7d4-4092-8f13-d6ac9c58dc85'),('e761ca96-1d15-48e8-83a5-4397b61429cd','d266c3ec-1d74-44ad-9801-ee54d00a7a80'),('f4e01f5f-3a9d-4d41-ba48-7789cbbbc720','583f5b64-f4c4-4b75-9528-ec6bdae3b1b1');
/*!40000 ALTER TABLE `project_categories_project_category` ENABLE KEYS */;
UNLOCK TABLES;

--
-- Dumping data for table `project_category`
--

LOCK TABLES `project_category` WRITE;
/*!40000 ALTER TABLE `project_category` DISABLE KEYS */;
INSERT INTO `project_category` VALUES ('041d962f-3d71-40e0-a56d-557612a9b2e9','2025-09-26 08:25:55.650206','2025-09-26 08:25:55.650206',NULL,'Renforcement des capacités'),('583f5b64-f4c4-4b75-9528-ec6bdae3b1b1','2025-08-28 14:17:13.242205','2025-08-28 14:17:13.242205',NULL,'Accompagnement'),('b016540c-8403-4fc3-bfc2-777bd6bfde32','2025-08-27 15:05:59.701155','2025-08-27 15:05:59.701155',NULL,'Success Story'),('c7b2f2de-b7d4-4092-8f13-d6ac9c58dc85','2025-08-28 13:36:49.552337','2025-08-28 13:36:49.552337',NULL,'Acceleration'),('d266c3ec-1d74-44ad-9801-ee54d00a7a80','2025-08-27 14:50:51.819593','2025-08-27 14:50:51.819593',NULL,'Incubation'),('d759742d-31a4-4db3-9a87-4e799269fad2','2025-08-27 14:21:06.943685','2025-08-27 14:21:06.943685',NULL,'Hackathon');
/*!40000 ALTER TABLE `project_category` ENABLE KEYS */;
UNLOCK TABLES;

--
-- Dumping data for table `role`
--

LOCK TABLES `role` WRITE;
/*!40000 ALTER TABLE `role` DISABLE KEYS */;
INSERT INTO `role` VALUES ('4c15b8af-758b-4a66-aa73-dc44c74a99c8','2025-08-26 06:47:45.301143','2025-08-26 06:47:45.301143',NULL,'coach'),('4d415371-cd3c-4165-b00d-284d4aa8b34b','2025-08-26 06:47:45.299422','2025-08-26 06:47:45.299422',NULL,'staff'),('8cd2c64c-7882-4257-aac5-c285da8ff169','2025-08-26 06:47:45.297331','2025-08-26 06:47:45.297331',NULL,'user'),('f7fe36d2-6a0e-4e53-81c5-03af0443e181','2025-08-26 06:47:45.290018','2025-08-26 06:47:45.290018',NULL,'admin');
/*!40000 ALTER TABLE `role` ENABLE KEYS */;
UNLOCK TABLES;

--
-- Dumping data for table `subprogram`
--

LOCK TABLES `subprogram` WRITE;
/*!40000 ALTER TABLE `subprogram` DISABLE KEYS */;
INSERT INTO `subprogram` VALUES ('048ed3c3-e201-48ad-84a0-b84e7239a7ba','2025-09-26 08:13:33.464075','2025-09-26 08:15:17.000000',NULL,'Katalicc',0,'katalicc',NULL,'Katalicc avec la lettre « K » en lieu et place de « C », est une adaptation « katangaise » du Fonds d’appui pour l’entrepreneuriat culturel (FAEC), lancé par la France. Autrement dit, c’est un fonds qui apporte un appui technique, logistique et financier aux industries culturelles et créatives (ICC), notamment congolaises. Ceci fait suite au Forum Création Africa (Paris, 2023), organisé en prélude au nouveau sommet Afrique-France-cadre de réflexion, notamment sur les possibilités de réseautage et de mise sur pieds d’une « passerelle » à la création contemporaine africaine, en vue de sa confrontation à d’autres regards.',1,'30751e36-e40a-4294-a3b5-c69cda3ba7a6'),('1d127aba-8bef-4d62-8ca9-b5cae6c22bb6','2025-09-26 08:37:02.459123','2025-09-26 08:37:29.000000',NULL,'Revup women',0,'revup-women','ee7837ae-97b3-41bb-ad76-f742494efef3.png','RevUp Women est une initiative panafricaine visant à réduire les inégalités entre les sexes dans le domaine de l\'entrepreneuriat. Notre mission est simple : équiper, valoriser et investir dans les femmes africaines qui construisent l\'avenir grâce à l\'entrepreneuriat. Avec le soutien de la Fondation Visa et sous la direction d\'AfriLabs, nous avons pour objectif de former 50 000 femmes, de créer plus de 150 000 emplois et de favoriser une croissance durable grâce à l\'innovation menée par les femmes.',1,'14cdd3b9-5e9a-4b93-bd49-6b2a3e4970f3'),('2c52910f-51d6-42fb-ae12-0b087e377164','2025-09-26 07:55:17.088082','2025-09-26 07:56:55.000000',NULL,'Dskills@EA',0,'dskills@ea',NULL,'Le projet « Compétences numériques pour une industrie innovante en Afrique de l\'Est » (dSkills@EA) est une initiative régionale visant à améliorer les compétences numériques des jeunes à travers l\'Afrique de l\'Est. Le projet se concentre sur le renforcement des capacités, le soutien à l\'innovation et à l\'entrepreneuriat, et la mise en place de formations courtes adaptées aux besoins de transformation numérique des États partenaires de la Communauté de l\'Afrique de l\'Est (CAE).',1,'30751e36-e40a-4294-a3b5-c69cda3ba7a6'),('32cd4965-6e7f-4edc-b99b-5967d4be947e','2025-08-27 14:49:42.737507','2025-08-27 14:50:36.000000',NULL,'L-IMPACT (Lubumbashi Impact)',0,'l-impact-(lubumbashi-impact)','2e772a2d-14ea-4324-ae91-2e22d0915dc9.jpeg','L-IMPACT est un parcours d’incubation de 6 à 9 mois destiné aux jeunes et femmes entrepreneurs de Lubumbashi. Il vise à transformer les idées en entreprises viables à fort impact socio-économique, à travers un accompagnement structuré combinant coaching personnalisé, ateliers collectifs, mentorat et accès aux financements. Le programme met l’accent sur les secteurs porteurs : Technologie, Énergie renouvelable, TIC, Transformation agro-alimentaire/agro-business.\n\nLes objectifs sont :\n\nSoutenir les jeunes (18–35 ans) et au moins 50 % de femmes porteuses de projets ;\n\nRenforcer les compétences entrepreneuriales et la structuration des projets ;\n\nFaciliter l’accès aux financements, aux marchés et aux réseaux de partenaires ;\n\nContribuer à la création d’emplois décents et durables dans la région',1,'30751e36-e40a-4294-a3b5-c69cda3ba7a6'),('33cabcc0-ea42-4d46-99cd-401ef554bbd3','2025-08-29 09:02:52.682854','2025-09-04 13:24:20.000000',NULL,'Binti Innovation Week',0,'binti-innovation-week','50f1d1e3-ee0f-4b00-9094-5d2911b42944.png',' Binti Innovation Week est un  Hackathon universitaire qui vise à renforcer l’écosystème entrepreneurial universitaire, en permettant aux étudiants de passer de l’idéation à l’action, et en intégrant des technologies de pointe comme l’IA pour maximiser leur impact. Ce programme intensif vise ainsi à créer un pont entre la recherche académique, l’innovation technologique et l’entrepreneuriat, en dotant les participantes des outils et des opportunités nécessaires pour devenir des acteurs du changement économique et social en Afrique.\n\n\n',1,'14cdd3b9-5e9a-4b93-bd49-6b2a3e4970f3'),('3cf107d8-5b50-4f30-87f5-66e04f502332','2025-08-27 14:12:48.728570','2025-08-27 14:32:55.000000',NULL,'Ushindi Campus Sprint',0,'ushindi-campus-sprint','b0008c3a-ea22-40e2-a0b7-130d7b8956f8.jpeg','Ushindi Campus Sprint est une initiative portée par le Centre d’Innovation de Lubumbashi (CINOLU) pour stimuler l’entrepreneuriat étudiant et renforcer l’innovation universitaire en République Démocratique du Congo. Chaque édition se déroule dans une université partenaire et réunit des étudiants de diverses disciplines pour 20 heures d’ateliers intensifs : idéation, prototypage rapide, mentorat et pitch final. Les meilleures équipes sont ensuite intégrées dans un parcours d’incubation avec CINOLU et ses partenaires, afin de transformer leurs idées en startups viables à fort impact économique, social et environnemental.\n\n#UshindiCampus #UshindiSprint #Cinolu #Innovation #Entrepreneuriat #20HeuresPourInnover #FromIdeaToImpact #StartupCulture #AfricaInnovation',1,'30751e36-e40a-4294-a3b5-c69cda3ba7a6'),('41978dd4-2f41-4345-a434-f637f7e95160','2025-09-26 08:22:34.773210','2025-09-26 08:24:10.000000',NULL,'Enhancing Women Entrepreneurship for Africa',0,'enhancing-women-entrepreneurship-for-africa',NULL,'L\'objectif du projet est de lutter contre les inégalités entre les sexes et de favoriser l\'autonomisation économique inclusive des femmes africaines. Plus précisément, le projet vise à renforcer les capacités et la durabilité des facilitateurs qui soutiennent les petites et moyennes entreprises dirigées par des femmes (WSME), ainsi qu\'à améliorer l\'accès au mentorat, au financement et à la visibilité pour les WSME.',1,'14cdd3b9-5e9a-4b93-bd49-6b2a3e4970f3'),('4c10bb48-53f7-4839-9f97-0e540b72d633','2025-09-04 13:37:20.092298','2025-10-08 14:52:32.000000',NULL,'Binti Share',1,'binti-share','41369ea3-555c-46bb-8367-fce7245286e6.png','Binti Share est une série de webinaires organisée par Femmes 360 qui se concentre sur les défis rencontrés par les femmes entrepreneures. ',1,'14cdd3b9-5e9a-4b93-bd49-6b2a3e4970f3'),('57c10b3f-8402-4883-a6ec-f21bd6c7131c','2025-08-28 13:02:02.573753','2025-08-28 13:32:23.000000',NULL,'Go-Binti ',0,'go-binti','cc179636-fea8-4db2-b9c5-ebc6f79c2f1e.png','Le Go Binti workshop est une série d’ateliers d’information qui vise à informer et sensibiliser les femmes entrepreneures sur les enjeux liés à la préparation aux investissements et à la levée de fonds. L\'objectif est d\'outiller et d\'accompagner ces femmes dans le développement et la croissance de leurs entreprises, en les aidant à comprendre les défis et les opportunités liés au financement.\n',1,'14cdd3b9-5e9a-4b93-bd49-6b2a3e4970f3'),('68e31ba7-76ae-43ac-8547-d4d2364a679f','2025-08-27 15:11:59.788474','2025-08-28 11:04:47.000000',NULL,'Binti Safari',0,'binti-safari','1d1b82a8-840d-40c8-8cc7-40ee8f9d0dbb.jpeg','Une plateforme de valorisation et d’autonomisation des femmes africaines francophones, qui combine médias, storytelling, formation et réseautage pour renforcer leur représentation et leur influence dans la société et l’économie.',1,'14cdd3b9-5e9a-4b93-bd49-6b2a3e4970f3'),('9f17b40d-8379-42df-838c-6bd6fd7d1237','2025-09-26 08:49:45.455616','2025-09-26 08:49:59.000000',NULL,'Fuze Speed Dating ',0,'fuze-speed-dating',NULL,'Fuzé soutient les entrepreneurs africains du secteur technologique avec des investissements allant de 20 000 à 100 000 euros.',1,'30751e36-e40a-4294-a3b5-c69cda3ba7a6'),('db7b47d7-eb06-4d1b-ac14-189fbd332a2b','2025-09-26 08:41:55.496492','2025-09-26 08:43:40.000000',NULL,'Fikiri',0,'fikiri',NULL,'Atteindre les objectifs de développement durable avec fikiri, une plateforme d\'accompagnement d\'idées et de solutions.',1,'30751e36-e40a-4294-a3b5-c69cda3ba7a6'),('fdf8d964-20ae-45d5-a3a1-7ae89dd49dae','2025-09-26 08:31:09.885295','2025-09-26 08:33:37.000000',NULL,'African Visionary Fellowship',0,'african-visionary-fellowship',NULL,'Programme de leadership de 12 qui fournit aux responsables des organisations à impact du coaching personnalise, un réseau de pairs et d’investisseurs d’impact pour étendre l’impact organisationnel.',1,'70a29482-5805-44b2-9f3e-d4c0f328f716');
/*!40000 ALTER TABLE `subprogram` ENABLE KEYS */;
UNLOCK TABLES;

--
-- Dumping data for table `tag`
--

LOCK TABLES `tag` WRITE;
/*!40000 ALTER TABLE `tag` DISABLE KEYS */;
INSERT INTO `tag` VALUES ('0b2c1b2a-9500-45b0-a95e-8a598ad21b68','2025-09-01 15:09:25.013897','2025-09-01 15:09:25.013897',NULL,'#femmesafricaines'),('0d9edf33-528e-4182-a050-31b0f981b3e1','2025-09-01 15:00:48.008706','2025-09-01 15:00:48.008706',NULL,'#bintisafari'),('5ca950a9-37b9-4159-88b6-b16ba506a7f5','2025-09-02 11:44:58.408421','2025-09-02 11:44:58.408421',NULL,'#cinolu.org'),('7bc8032c-cc72-40a8-9328-cebc360c9459','2025-09-01 15:04:18.201401','2025-09-01 15:04:18.201401',NULL,'#inspiration'),('7c65f46f-706c-449a-83ae-7da55c6ef969','2025-09-01 15:00:22.770965','2025-09-01 15:00:22.770965',NULL,'#femmes360'),('a3b071b3-e736-4b36-8ca7-e96abab5c6a9','2025-09-01 15:09:46.477860','2025-09-01 15:09:46.477860',NULL,'#medias'),('a3f09b06-c6ae-4436-9a38-82ea4fda9714','2025-09-01 15:05:20.015508','2025-09-01 15:05:20.015508',NULL,'#autonomisation'),('a88978ae-a585-4509-b68c-7628039a4757','2025-09-30 07:38:55.259347','2025-09-30 07:38:55.259347',NULL,'#lugofarms'),('ac017308-0135-454c-a730-e6c77f8b8068','2025-09-01 15:10:16.359227','2025-09-01 15:10:16.359227',NULL,'#blog'),('d10f9aa0-45a1-43a5-afd7-b20257c6166d','2025-09-01 15:08:47.857281','2025-09-01 15:08:47.857281',NULL,'#successtories');
/*!40000 ALTER TABLE `tag` ENABLE KEYS */;
UNLOCK TABLES;

--
-- Dumping data for table `user`
--

LOCK TABLES `user` WRITE;
/*!40000 ALTER TABLE `user` DISABLE KEYS */;
INSERT INTO `user` VALUES ('0041d738-e841-4ced-8a3d-71c053a5b0cd','2025-08-26 12:28:37.728634','2025-08-26 12:28:37.728634',NULL,'joycem@cinolu.org','Joyce Mishika','$2b$10$i4BccpPCO86GaD6lZOlNb.9cBAnir43/3OvH6fHVUuTOt9LQ.VEq2',NULL,'+2439040030403','Lubumbashi','RDC','Femme','2025-08-04 22:00:00',NULL,NULL,NULL,NULL),('067164c5-887f-452f-8dc7-4541aefbaa0f','2025-09-17 09:36:20.503189','2025-09-17 09:36:20.503189',NULL,'laurakabwe@gmail.com','Laura kabwe','$2b$10$rrkdeOJjeuX5oeETF7egWOfEPeJX0VER6JOxcXdxBKZHsrb0tkXGK','je suis entrepeneure culturelle, j\'oeuvre dans l\'art visuelle','+243971571028','Lubumbashi','Congo-Kinshasa','Femme','1970-05-14 22:00:00',NULL,NULL,'Sot3JLKRbztx',NULL),('086a1e69-e351-4dcb-9f5b-66c2eb093c72','2025-08-29 23:17:02.744683','2025-08-29 23:17:46.000000',NULL,'ikahemba@gmail.com','KAHEMBA ILUNGA Marcel','$2b$10$NLfoFWBbaDBm9/JRu3LP1eGyvJU9v3iwtLkI9dTGzoDb7m5bXif8i','Congolais habitant à Lubumbashi avec plusieurs années d\'expériences en HR et Finances dans le domaine humanitaire en RDC.','+243815271592','Lubumbashi','Congo-Kinshasa','Homme','1989-09-14 22:00:00',NULL,NULL,NULL,NULL),('0dcee438-ae17-478a-9999-3a675dcabcff','2025-09-28 20:11:47.958688','2025-09-28 20:11:47.958688',NULL,'samuelkilufya@gmail.com','Samuel Kilufya','$2b$10$QtK8pytO13cRueBW69J.ou5W.dYrIoato8hP6ngCHQPq.fKYhaz7.',NULL,'+243995479970',NULL,'Congo-Kinshasa','Homme','2001-03-22 22:00:00',NULL,NULL,'TxGF0yMIsmSN',NULL),('0f91d8a4-7812-4c9e-8a02-196bedf7e35a','2025-09-17 09:37:13.710901','2025-09-17 09:37:13.710901',NULL,'phogenesonyi7@email.com','Phogene Sonyi','$2b$10$S2cMLZhgWtvSW7FpOfNQ3.tygNCUpTCbmFCF6hsLxcyb7/hlGZ5lG','Phogene est un mannequin professional acteur attire par la mode et tout ce qui est arts ','+243975792820','Lubumbashi ','Congo-Kinshasa','Homme','2000-04-19 22:00:00',NULL,NULL,'tzQnGZomoxeM',NULL),('12688a0d-25ad-450f-ba3e-e9bd027bb683','2025-09-17 10:35:45.150156','2025-09-17 10:35:45.150156',NULL,'nkomayombi21@gmail.com','Grace nkomayombi','$2b$10$ALES.sK8z2d/7oscKRJRiOs7d2OUjVyMDhkZ.lEcjHtkaSh8Y4ag2','Stylist designer  et CEO de congo chic ','+2430837543003','Lubumbashi','Congo-Kinshasa','Femme','1993-05-16 22:00:00',NULL,NULL,'E9Sy0-a-414o',NULL),('1c54ca43-3e50-4ebd-ab40-4c14bee6f7c9','2025-09-17 09:36:19.004013','2025-09-17 09:36:19.004013',NULL,'Adassavandame32@gmail.com','Audrey Morindez ','$2b$10$6g.rTjvrxMh339KOP1M9SuMoVrbVNiDyonNcu7HBxdT.5bajsLET2','Entrepreneurs , mannequin et négociatrice de marché ','+243979433525','Lubumbashi ','Congo-Kinshasa','Femme','2003-03-15 22:00:00',NULL,NULL,'D_97qxIOoDAH',NULL),('247a8044-a80e-42c9-8d3f-3568031a2d66','2025-08-26 12:27:32.827326','2025-08-28 07:58:48.000000',NULL,'laurak@cinolu.org','Laura Kabwe','$2b$10$AVGFuK//T9oMLuacVbkob.39Q0Xg.L84GxQot5aup84LshItlQ.dK',NULL,'+24389839923','Lubumbashi','RDC','Femme','2025-08-03 22:00:00',NULL,NULL,NULL,NULL),('2d1e73c2-f9d5-46f4-91ea-fc2eeee7b484','2025-08-26 12:53:40.205065','2025-08-26 12:53:40.205065',NULL,'ackeemm@cinolu.org','Ackeem Mbuebua','$2b$10$amuV3Lp44gX6JHDHHq0uq.61lCt5HwQ93tT72oAKOjaWd1Cn1vqYC',NULL,'+23434339003','Lubumbashi','RDC','Homme','2025-08-05 22:00:00',NULL,NULL,NULL,NULL),('3070f84e-2326-41b0-be66-ec70e75ac5e3','2025-09-17 09:40:20.773402','2025-09-17 09:40:20.773402',NULL,'kethiantanga@icloud.com','Kethia NTANGA KONGOLO ','$2b$10$SNkxm6Vph8eAoPa5f8y3uOl7T2orDAO7/Hwd3qaLUHW0lhcZWnNm.','\n“Je sublime l’art du crochet à travers des vêtements et accessoires uniques, faits main avec passion pour révéler élégance, créativité et authenticité.”','+243970039709','Lubumbashi ','Congo-Kinshasa','Femme','2008-06-05 22:00:00',NULL,NULL,'R_VSjCauFUHh',NULL),('3227dd5f-1e6f-4afa-bdf1-c6bfc5371607','2025-09-17 09:37:12.700628','2025-09-17 09:39:40.000000',NULL,'joslynemukendi05@gmail.com','Joslyne Mukendi','$2b$10$TSqNfHhdE/Hg/N1UV8wdze4uyXsilj7bQy5vIOi/BucrMEhXI/4Ae','Je suis Joslyne Mukendi et je suis accessoiriste, j’ai une boutique physique d’accessoires basés dans la vile de likasi et je fais de la vente en ligne pour d’autres villes. ','+243837922808','Lubumbashi ','Congo-Kinshasa','Femme','2004-11-11 22:00:00',NULL,NULL,'0_9-5YtMmQDr',NULL),('375e985d-4b1b-4196-9376-620e75201670','2025-09-17 09:28:36.205037','2025-09-17 09:28:36.205037',NULL,'mwiluciel@gmail.com','Ciel Mwilu',NULL,NULL,NULL,NULL,NULL,NULL,NULL,'https://lh3.googleusercontent.com/a/ACg8ocJhqRfogeA64XikCTUJ_D5oDt-O4M8jNQlpPykEr4c13R5iuw=s96-c',NULL,'s47JWKl64U7l',NULL),('3c43c096-f441-42ff-af46-a1a02f2e35d7','2025-09-13 11:35:33.608196','2025-09-13 11:35:33.608196',NULL,'BerryN@lunnovel.org','Berry Numbi',NULL,NULL,NULL,NULL,NULL,NULL,NULL,'https://lh3.googleusercontent.com/a/ACg8ocLiXysVwYX0h9FcYNJa4zvJCvFE7fls-S-J7tJzwqnW2_qm2zo=s96-c',NULL,'t87wmZw252A9',NULL),('41a7c0fb-179a-4416-a2c7-471d95b4c1af','2025-10-06 07:29:51.321777','2025-10-07 14:17:34.000000',NULL,'evelynm@cinolu.org','Evelyn Mutombo',NULL,NULL,'0976807000','Lubumbashi','RDC','Femme','2002-07-06 22:00:00','https://lh3.googleusercontent.com/a/ACg8ocI0t4PRkbMhzKR7OGDiIsOvhB3vtwQ5d9ZNqseNlimI2TfflnDw=s96-c',NULL,'8SolNHy4zxYU',NULL),('482a8eb9-f2bb-4f66-901a-c89f1a751627','2025-09-17 09:34:36.295046','2025-09-17 09:34:36.295046',NULL,'cielmwilu@gmail.com','Celia ','$2b$10$4jsB5IEsf8SyiKwBOrOo/eRkdOKjxaEhsrE0Xv1NxTG9RRUgsual6','Entrepreneur, j\'evolue dans la vente de vetements et la décoration intérieure ','+243971560017','Lubumbashi ','Congo-Kinshasa','Femme','1999-04-26 22:00:00',NULL,NULL,'Y9wQLfxf9lf4',NULL),('48870aee-bbec-4a6d-b4a7-9ec7ad4329ce','2025-09-17 09:37:29.737864','2025-09-17 09:37:29.737864',NULL,'inabanapatience@gmail.com','Patience ','$2b$10$bFUgPm.ydvqar8b0AxY/ueIeTwU0u2a6GCzljYHVUwLKPH0alXOZW','Accessoiriste et C.E.O de la marque des bijoux Nostra_chic','+243971839497','Lubumbashi ','Congo-Kinshasa','Femme','2001-05-13 22:00:00',NULL,NULL,'UqQ9Iu_rikJw',NULL),('4974f385-3186-4dc3-bdef-9edb20b10211','2025-09-17 09:32:07.748516','2025-09-17 09:32:07.748516',NULL,'albertasambakatanga632@gmail.com','Alberta samba katanga','$2b$10$0G8Mk4Rp2jTbh.gKhNYSze5gCdmiL6kZ45OpVgLsT/6n2KwKrM4ha','Étudiante en médecine, mannequin et styliste','+243844734037','Lubumbashi','Congo-Kinshasa','Femme','2002-09-17 22:00:00',NULL,NULL,'OjApaglJ3npK',NULL),('5781161c-b49c-4361-b536-e10e5979d3ca','2025-08-26 12:29:31.773632','2025-08-26 12:29:31.773632',NULL,'evelynm@cinolur.org','Evelyne Mutombo','$2b$10$rbwWGMolIe9DGzXA9ftlUO3iohqvybaqiemcZEeFPWjkesm83ITHe',NULL,'+9303023434','Lubumbashi','RDC','Femme','2025-08-05 22:00:00',NULL,NULL,NULL,NULL),('615b4fef-ac88-4716-aea6-4d5ec89a7249','2025-08-26 12:31:45.511898','2025-08-26 12:31:45.511898',NULL,'josuek@cinolu.org','Josué Kasweka','$2b$10$gtq7UUxg3kn2drtZtpfUoeP52JTY5UrdB5OyKAsmx1tPy3oxAGXW6',NULL,'+34334949333','Lubumbashi','RDC','Homme','2025-07-31 22:00:00',NULL,NULL,NULL,NULL),('7f22da6d-7589-4f07-b396-5cec954bd134','2025-09-15 20:48:12.448506','2025-09-15 20:48:12.448506',NULL,'uwezobihanganicole@gmail.com','UWEZO BIHANGA Nicole ','$2b$10$hkPun5L2.fGurGqsKuHKfuMy/fgdGIt1PL3Y1swm3IlwpjqhA8F1.','Née à bukavu, étudiante à l\'université de Lubumbashi à la faculté de sciences Agronomique, département de zootechnie ','+243977298802','Lubumbashi ','Congo-Kinshasa','Femme','2003-08-22 22:00:00',NULL,NULL,'Wq0Vu_b9z3lf',NULL),('8c8b2717-2748-46a3-a8bb-ce0b99d5bf3e','2025-10-12 08:36:03.297313','2025-10-12 08:36:03.297313',NULL,'dann1601007@gmail.com','Daniel Damba','$2b$10$Q2s5e4JiObAB26XP7SV/EOYW3.2xG4ZBrIKbJ3JTuRarrSzyJP9nu',NULL,'+243992136771',NULL,'Congo-Kinshasa','Homme','2007-01-15 22:00:00',NULL,NULL,'YEcj96JG6qOz',NULL),('9abc6464-b855-4e6e-9701-e9de1fc83ec0','2025-09-17 09:35:59.934945','2025-09-17 09:35:59.934945',NULL,'ackeemmbuebua100@gmail.com','Ackeem Mbuebua','$2b$10$XeHLUVCboikc8ZdFC4ABOOga8tiqqUij7O0sViy7refNwt64Q4myK','Je suis Ackeem Mbuebue, développeur web et mobile.','+243970228283 ','Lubumbashi','Congo-Kinshasa','Homme','1999-11-28 22:00:00',NULL,NULL,'1AF3eC9VsO8N',NULL),('9cead310-10eb-49a4-86b8-cc49cf5b4ab6','2025-10-06 13:50:19.038346','2025-10-06 13:51:34.000000',NULL,'gabinkasongo66@gmail.com','KASONGO NGONGO GABIN','$2b$10$0le.hHfJg5dLxNaRTxDmZO/yXe9Ui7pfPv5rGokcD3Umaq7kzu7BO',NULL,'+243+243997556728','lubumbashi','Congo-Kinshasa','Homme','1993-01-20 22:00:00',NULL,NULL,'eH0RsPHj4sSo',NULL),('9d0f8f9e-c49d-4f10-bc16-6770f912146c','2025-09-17 07:08:10.776137','2025-09-17 07:08:10.776137',NULL,'musanziw.m@gmail.com','Wilfried Musanzi','$2b$10$vA3/i6n2KktaBn50QKjjDeaSnAlCAlHuGx0o7gKl2o8e4yJbD472O','Je suis developpeur web','+243832878704','Lubumbashi','Congo-Kinshasa','Homme','2002-06-25 22:00:00',NULL,NULL,'kMHHWpLstgoF',NULL),('ac4d2494-e092-4fd7-ad5b-8d46caed9ea9','2025-09-17 09:30:17.174445','2025-09-17 09:30:17.174445',NULL,'sandymeyers05@icloud.com','Sandy Meyers ','$2b$10$y3kijC30T7QRhyGIyL65YucXljLKZa9Ef56iPa9Ri3W.DOXpl4fY2','Je suis acheteur ','+243850018971','Lubumbashi ','Congo-Kinshasa','Femme','2005-09-11 22:00:00',NULL,NULL,'BZaqqlW9V7jr',NULL),('b6b9a033-8b22-48ff-8436-c42d2e6d82a9','2025-08-26 08:34:00.101979','2025-08-26 08:34:00.101979',NULL,'musanziwilfried@gmail.com','Wilfried Musanzi',NULL,NULL,NULL,NULL,NULL,NULL,NULL,'https://lh3.googleusercontent.com/a/ACg8ocKMRN2W3app13mL_OPheufF9jn4A_Pk6J7PoPGUa95qIOMMpL88=s96-c',NULL,NULL,NULL),('c513a5fd-f878-4c80-8093-b71cbeb3a805','2025-09-17 09:34:46.610331','2025-09-17 09:57:33.000000',NULL,'kandehamilka@gmail.com','HANNEH KANDEH','$2b$10$0YtPVJLbeLblZ02XP/AFq.WY3meyH.pqL005rkv9YSxiv9mPWkN5a','Je suis entrepreneur fondatrice de la structure MLK-B qui œuvre dans le secteur agricole et artistique.','+2430841562605','Lubumbashi','Congo-Kinshasa','Femme','1999-06-05 22:00:00',NULL,NULL,'BUSncqpMA3xH',NULL),('d3023de4-e10a-4d3b-8dd7-cbc52ead1799','2025-08-26 08:22:43.462305','2025-08-26 08:22:43.462305',NULL,'josuev@cinolu.org','Josué VANGU','$2b$10$2mQz5tOmPpkVSKmtj8atRuSK4kzIoXT8Arh/lAFYaBcoNfw0R5vYu','Hub Manager | Project & Product Management | ICT & Business Development Specialist | Entrepreneur & Business Coach in Innovation Ecosystems','+243812656895','Lubumbashi','Congo-Kinshasa','Homme','1990-10-26 22:00:00',NULL,NULL,NULL,NULL),('d55fa2b7-8742-4eca-92e9-b4ab88ffda65','2025-09-17 09:36:53.156758','2025-09-17 09:36:53.156758',NULL,'odidjunga99@gmail.com','Djunga Odito Marceline ','$2b$10$K3kzt89ENs0UG7p.ZDtXM.8mtQqiwaiYi.8YBU6/Ohw/FriQB7TCm','Je suis entrepreneure accessoiriste, je vends des bijoux africains.\nJ\'ai déjà eu à participer à deux expositions dont le marché des entrepreneurs organisé par Ubuntu qui m\'a permit d\'être en contact avec une des membres de Cinolu ','+243978126150','Lubumbashi ','Congo-Kinshasa','Femme','1999-03-09 22:00:00',NULL,NULL,'8LcSNBE6nZv4',NULL),('e1586fd8-e92e-437d-a8ff-9b69f42258cb','2025-09-02 11:21:17.456156','2025-09-02 11:21:17.456156',NULL,'21mbk010@esisalama.org','Hirma BANZA KASONGO',NULL,NULL,NULL,NULL,NULL,NULL,NULL,'https://lh3.googleusercontent.com/a/ACg8ocIvVxCT5eh_qJ79srpqkbQKerlPqgXXcqKHhHFLF1Vtr3aG6A=s96-c',NULL,NULL,NULL),('e7cb65c3-24a2-487b-9d9b-3b5ee9279525','2025-09-03 06:40:06.505736','2025-09-03 06:40:06.505736',NULL,'josue.vangumabika@gmail.com','Josué VANGU',NULL,NULL,NULL,NULL,NULL,NULL,NULL,'https://lh3.googleusercontent.com/a/ACg8ocJdZ0k2v-u5SX5SfJlJoQJ5b2jCdWfrkpyCVnSE3BT-9-P8xME=s96-c',NULL,NULL,NULL),('e8bc1725-d4bb-444f-a52c-870599a7537d','2025-09-17 09:35:18.466477','2025-09-17 09:35:18.466477',NULL,'joembakakay@gmail.com','MBAKA KAWAYA JOE ','$2b$10$BZkd/IqsceOrkvdQ.EwrfuvXbKiUq3HaafTmwvdsF.D7oBxjDmhYS','Mannequin, acteur, styliste, scénariste ','+243818972265','Lubumbashi ','Congo-Kinshasa','Homme','1995-12-31 22:00:00',NULL,NULL,'W9YOT0vuGdl-',NULL),('ed0de9f1-4e1f-44ac-90f5-54563181991c','2025-09-17 09:37:57.890773','2025-09-17 09:37:57.890773',NULL,'designckams@gmail.com','Kamuleta Tshiala Christelle','$2b$10$k/jHh.mfk345Ax0WbU1GOeVJTGAy2VrtyvLm6sSHNOjSo2SsagqUG','Native de Kinshasa,aînée d\'une fratrie de 7 enfants, je suis une grande passionnée de l\'art et de toute activité faisant appel à la créativité et la beauté. ','+243823816048','Lubumbashi','Congo-Kinshasa','Femme','1988-11-24 22:00:00',NULL,NULL,'uSnrZz2GIdDy',NULL),('ee78128c-e70b-4e73-ae41-6701701f0566','2025-10-22 20:24:22.162822','2025-10-22 20:24:22.162822',NULL,'alphaabdiel44@gmail.com','Kalunga kazadi Alpha ','$2b$10$fqLKiK88S7ZZ8xo2eYdmweub4fpb9SviZHhjUsZ7f7xTg7chG7Ay.',NULL,'+2430890143069',NULL,'Congo-Kinshasa','Homme','2001-07-20 22:00:00',NULL,NULL,'AV3qcNvQrPgQ',NULL),('f5d7e5a8-29f7-4a22-99e0-4d144989c633','2025-08-26 06:47:45.363430','2025-08-26 06:47:45.363430',NULL,'admin@admin.com','Admin User','$2b$10$nmzUJaDFudBD7nJ9ZJvKdeJ8gO6pt8jrMAOfNDMqMoLAL1FK7RFL6','Campana super celer aetas dolor alienus vivo velum suadeo crapula. Censura vaco vae vulgaris patior aranea. Vetus beatus tersus commodo coaegresco attonbitus astrum sordeo summopere.','324-483-3194 x1892','Kuhicmouth','Azerbaijan','male','1990-12-05 21:39:07',NULL,NULL,NULL,NULL),('f9e6e7e0-28b5-4728-ba43-4eb794377ee2','2025-09-17 09:33:45.458942','2025-09-17 09:33:45.458942',NULL,'ludovickabulay01@gmail.com','Ludovic Kabulay',NULL,NULL,NULL,NULL,NULL,NULL,NULL,'https://lh3.googleusercontent.com/a/ACg8ocKhHoJKynYkVbjcQce1D4fsMHULRDIzQrRLfiGkdFChdhR-L2A=s96-c',NULL,'zeEcKKsDatAB',NULL);
/*!40000 ALTER TABLE `user` ENABLE KEYS */;
UNLOCK TABLES;

--
-- Dumping data for table `user_projects_project`
--

LOCK TABLES `user_projects_project` WRITE;
/*!40000 ALTER TABLE `user_projects_project` DISABLE KEYS */;
/*!40000 ALTER TABLE `user_projects_project` ENABLE KEYS */;
UNLOCK TABLES;

--
-- Dumping data for table `user_roles_role`
--

LOCK TABLES `user_roles_role` WRITE;
/*!40000 ALTER TABLE `user_roles_role` DISABLE KEYS */;
INSERT INTO `user_roles_role` VALUES ('0041d738-e841-4ced-8a3d-71c053a5b0cd','4d415371-cd3c-4165-b00d-284d4aa8b34b'),('067164c5-887f-452f-8dc7-4541aefbaa0f','8cd2c64c-7882-4257-aac5-c285da8ff169'),('086a1e69-e351-4dcb-9f5b-66c2eb093c72','8cd2c64c-7882-4257-aac5-c285da8ff169'),('0dcee438-ae17-478a-9999-3a675dcabcff','8cd2c64c-7882-4257-aac5-c285da8ff169'),('0f91d8a4-7812-4c9e-8a02-196bedf7e35a','8cd2c64c-7882-4257-aac5-c285da8ff169'),('12688a0d-25ad-450f-ba3e-e9bd027bb683','8cd2c64c-7882-4257-aac5-c285da8ff169'),('1c54ca43-3e50-4ebd-ab40-4c14bee6f7c9','8cd2c64c-7882-4257-aac5-c285da8ff169'),('247a8044-a80e-42c9-8d3f-3568031a2d66','4d415371-cd3c-4165-b00d-284d4aa8b34b'),('2d1e73c2-f9d5-46f4-91ea-fc2eeee7b484','4d415371-cd3c-4165-b00d-284d4aa8b34b'),('3070f84e-2326-41b0-be66-ec70e75ac5e3','8cd2c64c-7882-4257-aac5-c285da8ff169'),('3227dd5f-1e6f-4afa-bdf1-c6bfc5371607','8cd2c64c-7882-4257-aac5-c285da8ff169'),('375e985d-4b1b-4196-9376-620e75201670','8cd2c64c-7882-4257-aac5-c285da8ff169'),('3c43c096-f441-42ff-af46-a1a02f2e35d7','8cd2c64c-7882-4257-aac5-c285da8ff169'),('41a7c0fb-179a-4416-a2c7-471d95b4c1af','4d415371-cd3c-4165-b00d-284d4aa8b34b'),('482a8eb9-f2bb-4f66-901a-c89f1a751627','8cd2c64c-7882-4257-aac5-c285da8ff169'),('48870aee-bbec-4a6d-b4a7-9ec7ad4329ce','8cd2c64c-7882-4257-aac5-c285da8ff169'),('4974f385-3186-4dc3-bdef-9edb20b10211','8cd2c64c-7882-4257-aac5-c285da8ff169'),('5781161c-b49c-4361-b536-e10e5979d3ca','4d415371-cd3c-4165-b00d-284d4aa8b34b'),('615b4fef-ac88-4716-aea6-4d5ec89a7249','4d415371-cd3c-4165-b00d-284d4aa8b34b'),('7f22da6d-7589-4f07-b396-5cec954bd134','8cd2c64c-7882-4257-aac5-c285da8ff169'),('8c8b2717-2748-46a3-a8bb-ce0b99d5bf3e','8cd2c64c-7882-4257-aac5-c285da8ff169'),('9abc6464-b855-4e6e-9701-e9de1fc83ec0','8cd2c64c-7882-4257-aac5-c285da8ff169'),('9cead310-10eb-49a4-86b8-cc49cf5b4ab6','8cd2c64c-7882-4257-aac5-c285da8ff169'),('9d0f8f9e-c49d-4f10-bc16-6770f912146c','8cd2c64c-7882-4257-aac5-c285da8ff169'),('ac4d2494-e092-4fd7-ad5b-8d46caed9ea9','8cd2c64c-7882-4257-aac5-c285da8ff169'),('b6b9a033-8b22-48ff-8436-c42d2e6d82a9','8cd2c64c-7882-4257-aac5-c285da8ff169'),('c513a5fd-f878-4c80-8093-b71cbeb3a805','8cd2c64c-7882-4257-aac5-c285da8ff169'),('d3023de4-e10a-4d3b-8dd7-cbc52ead1799','4d415371-cd3c-4165-b00d-284d4aa8b34b'),('d55fa2b7-8742-4eca-92e9-b4ab88ffda65','8cd2c64c-7882-4257-aac5-c285da8ff169'),('e1586fd8-e92e-437d-a8ff-9b69f42258cb','8cd2c64c-7882-4257-aac5-c285da8ff169'),('e7cb65c3-24a2-487b-9d9b-3b5ee9279525','8cd2c64c-7882-4257-aac5-c285da8ff169'),('e8bc1725-d4bb-444f-a52c-870599a7537d','8cd2c64c-7882-4257-aac5-c285da8ff169'),('ed0de9f1-4e1f-44ac-90f5-54563181991c','8cd2c64c-7882-4257-aac5-c285da8ff169'),('ee78128c-e70b-4e73-ae41-6701701f0566','8cd2c64c-7882-4257-aac5-c285da8ff169'),('f5d7e5a8-29f7-4a22-99e0-4d144989c633','f7fe36d2-6a0e-4e53-81c5-03af0443e181'),('f9e6e7e0-28b5-4728-ba43-4eb794377ee2','8cd2c64c-7882-4257-aac5-c285da8ff169');
/*!40000 ALTER TABLE `user_roles_role` ENABLE KEYS */;
UNLOCK TABLES;

--
-- Dumping data for table `venture`
--

LOCK TABLES `venture` WRITE;
/*!40000 ALTER TABLE `venture` DISABLE KEYS */;
INSERT INTO `venture` VALUES ('0c1f8c06-84d7-49a6-9e16-01e6646724b5','2025-09-17 09:49:02.840433','2025-09-17 09:49:02.840433',NULL,'MLK-B','mlk-b','MLK-b est une entreprise qui œuvre dans plusieurs secteurs notamment l’agroalimentaire et les arts ','Tout problème capillaire,carence des citrons nous proposons une variété de fruit et d’épice cristallisé.','Ménage,spa,supermarché,restaurant,hôtel,boutique ,',NULL,NULL,'kandehamilka@gmail.com','+243841462605','Aucun','https://www.linkedin.com/in/lady-kandeh-24835b343?utm_source=share&utm_campaign=share_via&utm_content=profile&utm_medium=ios_app','Arts créatifs / Design',0,'2025-05-13','RDC/lubumbashi','Croissance / Passage à l’échelle','c513a5fd-f878-4c80-8093-b71cbeb3a805'),('15a558ef-e932-45d3-8ea2-7fe7c692b7d6','2025-09-17 09:49:17.998837','2025-09-17 09:49:17.998837',NULL,'Elykia_Collection','elykia_collection','Nous sommes dans la vente des accessoires ethniques africains \n- Prêt à porter made in Africa ( en cours)','Accessoiriser les tenues ','-Femmes de 20-55 ans ',NULL,NULL,'elykiacollection@gmail.com','0978126150','Aucun ','Aucun ','Industrie / Fabrication',0,'2024-07-11','République Démocratique du Congo/Lubumbashi ','Début de revenus','d55fa2b7-8742-4eca-92e9-b4ab88ffda65'),('241c6a0d-efc6-4314-ae75-ded9591882bb','2025-09-17 09:59:16.056337','2025-09-17 09:59:16.056337',NULL,'Ckams Design','ckams-design','Ckams design est une structure spécialisée dans le design d\'intérieur, la conception et aménagements d\'espaces de vie à usages personnels et commerciaux, en chercher à allier modernité et mise en valeur des matériaux locaux. ','Améliorer les conditions de vie, et créer des intérieurs qui correspondent à chacun. ','Des hommes et des femmes âgés de 25-60 ans',NULL,NULL,'designckams@gmail.com','0823816048','www.ckamsdesign.com','www.ckamsdesign.com','Construction',0,'2025-09-16','République Démocratique du Congo','Idée','ed0de9f1-4e1f-44ac-90f5-54563181991c'),('2be8780e-a703-48c7-83eb-248aa13e7d21','2025-09-17 10:00:54.490790','2025-09-17 10:00:54.490790',NULL,'Yourfav_accessoriesshop','yourfav_accessoriesshop','Boutique d’accessoires tendance hommes et femmes','Prix accessible pour des accessoires de qualité ','Personnes âgées de 15-40ans \n',NULL,NULL,'joslynemukendi05@gmail.com','+243 837922808','Aucun','Aucun ','Autre',0,'2023-03-22','RDC - Lubumbashi&Likasi','Début de revenus','3227dd5f-1e6f-4afa-bdf1-c6bfc5371607'),('75413a0d-ea13-4f9b-9c86-4a9d67582407','2025-09-17 10:00:32.360215','2025-09-17 10:02:45.000000',NULL,'Royal studio ','royal-studio','Nous sommes royal studio spécialisé dans :photographies (événementiel, corporate, sportif, culinaire...) et vi tout type de videographie. ','Qui ne se soucis pas de son image?? Nous supposons que cela soit une entreprise une personne physique tous avions nous le désir de soigner notre image alors  voilà la raison d\'être de royal studio ','Les entreprises. \nLes personnalités \nLes personnes qui ont besoin d\'améliorer leur image en photographie ou en videographie','41548b79-5972-48fe-b22d-68d5f34806c9.jpeg','d37c8c5a-ce0d-4aa4-aeb4-1dbecea3f63d.jpeg','ludovickabulay01@gmail.com','0819735120','www.royalstudios.com','www.royalstudios.com','Médias / Communication',0,'2025-05-30','Lubumbashi-RDC ','Début de revenus','f9e6e7e0-28b5-4728-ba43-4eb794377ee2'),('9643312c-0442-4125-a1cb-850924944968','2025-09-17 09:38:31.683535','2025-09-17 10:06:09.000000','2025-09-17 10:06:09.000000','Smart RDC','smart-rdc','Nous sommes une entreprise ','Solution Informatique ','Entreprises et particuliers',NULL,NULL,'ackeemmbuebua100@gmail.com','0970228283','www.samrt.com','smart','Technologie / Informatique',0,'2025-01-13','Lubumbashi ','Début de revenus','9abc6464-b855-4e6e-9701-e9de1fc83ec0'),('9db22124-b871-4cd8-8195-1a844c473386','2025-09-17 10:05:20.392064','2025-09-17 10:05:20.392064',NULL,'Renaissance du style','renaissance-du-style','“Renaissance du Style sublime l’art du crochet à travers des vêtements et accessoires uniques, faits main avec passion pour révéler élégance, créativité et authenticité.”','Renaissance du Style résout le manque d’originalité et d’authenticité dans la mode en offrant des vêtements et accessoires uniques, faits main au crochet.','Homme et femme 15-40 ans ',NULL,NULL,'kethiantanga@icloud.com','0970039709','Aucun ','Aucun ','Industrie / Fabrication',0,'2025-03-24','Lubumbashi ','Début de revenus','3070f84e-2326-41b0-be66-ec70e75ac5e3'),('f04cd4a7-916a-4c8a-bb8d-dc53a700fdfc','2025-09-17 09:48:24.015043','2025-09-17 09:48:24.015043',NULL,'Zahab k','zahab-k','Nous sommes dans la vente des accessoires ','acccessoire','Tous confondus',NULL,NULL,'laurakabwe@gmail.com','+243971571028','Aucun','Aucun','Industrie / Fabrication',0,'2015-02-02','RDC-LUBUMBASHI','Croissance / Passage à l’échelle','067164c5-887f-452f-8dc7-4541aefbaa0f');
/*!40000 ALTER TABLE `venture` ENABLE KEYS */;
UNLOCK TABLES;
/*!40103 SET TIME_ZONE=@OLD_TIME_ZONE */;

/*!40101 SET SQL_MODE=@OLD_SQL_MODE */;
/*!40014 SET FOREIGN_KEY_CHECKS=@OLD_FOREIGN_KEY_CHECKS */;
/*!40101 SET CHARACTER_SET_CLIENT=@OLD_CHARACTER_SET_CLIENT */;
/*!40101 SET CHARACTER_SET_RESULTS=@OLD_CHARACTER_SET_RESULTS */;
/*!40101 SET COLLATION_CONNECTION=@OLD_COLLATION_CONNECTION */;
/*!40111 SET SQL_NOTES=@OLD_SQL_NOTES */;

-- Dump completed on 2025-10-24 14:37:23
